timestamp,vehicle_count,traffic_flow,avg_speed,hour,minute,day_of_week,is_peak,vehicle_density
2025-02-01 07:00:00,179.0,5.17,23.0,7,0,5,1,34.622823984526114
2025-02-01 07:05:00,324.0,5.31,46.0,7,5,5,1,61.01694915254238
2025-02-01 07:10:00,100.0,4.68,61.0,7,10,5,1,21.36752136752137
2025-02-01 07:15:00,28.0,2.34,69.0,7,15,5,1,11.965811965811966
2025-02-01 07:20:00,85.0,3.99,57.0,7,20,5,1,21.303258145363408
2025-02-01 07:25:00,453.0,5.481354838709677,44.98909090909091,7,25,5,1,82.6438012735255
2025-02-01 07:30:00,248.67929292929293,5.481354838709677,26.0,7,30,5,1,45.36821648055037
2025-02-01 07:35:00,138.0,5.481354838709677,36.0,7,35,5,1,25.176257341603794
2025-02-01 07:40:00,447.0,8.72,28.0,7,40,5,1,51.26146788990825
2025-02-01 07:45:00,148.0,5.481354838709677,49.0,7,45,5,1,27.000623815633055
2025-02-01 07:50:00,415.0,7.06,35.0,7,50,5,1,58.78186968838527
2025-02-01 07:55:00,248.67929292929293,6.48,54.0,7,55,5,1,38.376434094026685
2025-02-01 08:00:00,243.0,5.97,44.98909090909091,8,0,5,1,40.7035175879397
2025-02-01 08:05:00,40.0,4.37,59.0,8,5,5,1,9.153318077803203
2025-02-01 08:10:00,355.0,5.481354838709677,49.0,8,10,5,1,64.76500982803874
2025-02-01 08:15:00,115.0,5.481354838709677,42.0,8,15,5,1,20.980214451336497
2025-02-01 08:20:00,481.0,5.481354838709677,64.0,8,20,5,1,87.75202740080744
2025-02-01 08:25:00,78.0,1.93,29.0,8,25,5,1,40.41450777202073
2025-02-01 08:30:00,254.0,5.55,44.98909090909091,8,30,5,1,45.765765765765764
2025-02-01 08:35:00,307.0,7.96,21.0,8,35,5,1,38.5678391959799
2025-02-01 08:40:00,37.0,2.41,70.0,8,40,5,1,15.352697095435683
2025-02-01 08:45:00,85.0,5.481354838709677,34.0,8,45,5,1,15.507115029248714
2025-02-01 08:50:00,466.0,7.81,39.0,8,50,5,1,59.66709346991038
2025-02-01 08:55:00,341.0,8.16,33.0,8,55,5,1,41.78921568627451
2025-02-01 09:00:00,248.0,5.43,70.0,9,0,5,1,45.67219152854512
2025-02-01 09:05:00,185.0,2.93,44.98909090909091,9,5,5,1,63.13993174061433
2025-02-01 09:10:00,291.0,5.481354838709677,65.0,9,10,5,1,53.08906439425148
2025-02-01 09:15:00,183.0,4.32,44.98909090909091,9,15,5,1,42.36111111111111
2025-02-01 09:20:00,35.0,9.9,65.0,9,20,5,1,3.535353535353535
2025-02-01 09:25:00,248.67929292929293,1.66,33.0,9,25,5,1,149.80680296945357
2025-02-01 09:30:00,459.0,5.481354838709677,44.98909090909091,9,30,5,1,83.73842115794305
2025-02-01 09:35:00,248.67929292929293,4.34,44.98909090909091,9,35,5,1,57.299376250989155
2025-02-01 09:40:00,491.0,2.67,65.0,9,40,5,1,183.89513108614233
2025-02-01 09:45:00,248.67929292929293,6.76,44.98909090909091,9,45,5,1,36.78687765226227
2025-02-01 09:50:00,14.0,2.65,44.98909090909091,9,50,5,1,5.283018867924529
2025-02-01 09:55:00,248.67929292929293,6.74,44.98909090909091,9,55,5,1,36.896037526601326
2025-02-01 10:00:00,89.0,7.97,27.0,10,0,5,0,11.166875784190715
2025-02-01 10:05:00,288.0,8.14,26.0,10,5,5,0,35.38083538083538
2025-02-01 10:10:00,328.0,9.27,22.0,10,10,5,0,35.38295577130529
2025-02-01 10:15:00,248.67929292929293,5.481354838709677,44.98909090909091,10,15,5,0,45.36821648055037
2025-02-01 10:20:00,248.67929292929293,2.39,40.0,10,20,5,0,104.04991335953679
2025-02-01 10:25:00,248.67929292929293,8.19,44.98909090909091,10,25,5,0,30.3637720304387
2025-02-01 10:30:00,385.0,1.2,28.0,10,30,5,0,320.83333333333337
2025-02-01 10:35:00,109.0,2.41,50.0,10,35,5,0,45.22821576763485
2025-02-01 10:40:00,365.0,5.57,35.0,10,40,5,0,65.52962298025135
2025-02-01 10:45:00,165.0,7.17,33.0,10,45,5,0,23.01255230125523
2025-02-01 10:50:00,248.67929292929293,6.44,68.0,10,50,5,0,38.61479703871008
2025-02-01 10:55:00,274.0,8.01,46.0,10,55,5,0,34.20724094881398
2025-02-01 11:00:00,488.0,2.97,47.0,11,0,5,0,164.3097643097643
2025-02-01 11:05:00,54.0,4.54,44.0,11,5,5,0,11.894273127753303
2025-02-01 11:10:00,317.0,5.481354838709677,62.0,11,10,5,0,57.83241722672756
2025-02-01 11:15:00,328.0,5.96,49.0,11,15,5,0,55.033557046979865
2025-02-01 11:20:00,23.0,4.66,49.0,11,20,5,0,4.935622317596566
2025-02-01 11:25:00,248.67929292929293,5.84,27.0,11,25,5,0,42.582070707070706
2025-02-01 11:30:00,194.0,2.23,60.0,11,30,5,0,86.99551569506727
2025-02-01 11:35:00,367.0,4.6,47.0,11,35,5,0,79.78260869565219
2025-02-01 11:40:00,387.0,4.84,41.0,11,40,5,0,79.95867768595042
2025-02-01 11:45:00,324.0,1.88,38.0,11,45,5,0,172.34042553191492
2025-02-01 11:50:00,329.0,7.28,23.0,11,50,5,0,45.19230769230769
2025-02-01 11:55:00,225.0,6.85,44.98909090909091,11,55,5,0,32.846715328467155
2025-02-01 12:00:00,248.67929292929293,3.79,62.0,12,0,5,0,65.61458916340183
2025-02-01 12:05:00,291.0,9.27,68.0,12,5,5,0,31.3915857605178
2025-02-01 12:10:00,161.0,2.81,39.0,12,10,5,0,57.295373665480426
2025-02-01 12:15:00,240.0,9.65,60.0,12,15,5,0,24.870466321243523
2025-02-01 12:20:00,376.0,9.23,44.98909090909091,12,20,5,0,40.73672806067172
2025-02-01 12:25:00,146.0,5.55,57.0,12,25,5,0,26.306306306306308
2025-02-01 12:30:00,248.67929292929293,3.48,44.98909090909091,12,30,5,0,71.45956693370486
2025-02-01 12:35:00,52.0,2.95,37.0,12,35,5,0,17.627118644067796
2025-02-01 12:40:00,439.0,5.06,64.0,12,40,5,0,86.75889328063242
2025-02-01 12:45:00,248.67929292929293,8.83,44.98909090909091,12,45,5,0,28.163000331743252
2025-02-01 12:50:00,79.0,5.481354838709677,65.0,12,50,5,0,14.412495144831158
2025-02-01 12:55:00,146.0,5.481354838709677,33.0,12,55,5,0,26.635750520827205
2025-02-01 13:00:00,499.0,8.8,69.0,13,0,5,0,56.70454545454545
2025-02-01 13:05:00,336.0,3.99,67.0,13,5,5,0,84.21052631578947
2025-02-01 13:10:00,248.67929292929293,3.21,28.0,13,10,5,0,77.47018471317537
2025-02-01 13:15:00,292.0,8.78,67.0,13,15,5,0,33.25740318906606
2025-02-01 13:20:00,248.67929292929293,4.24,44.98909090909091,13,20,5,0,58.650776634267196
2025-02-01 13:25:00,248.67929292929293,2.99,44.98909090909091,13,25,5,0,83.17033208337556
2025-02-01 13:30:00,248.67929292929293,4.88,20.0,13,30,5,0,50.95887150190429
2025-02-01 13:35:00,248.67929292929293,4.16,41.0,13,35,5,0,59.778676184926184
2025-02-01 13:40:00,499.0,5.03,44.98909090909091,13,40,5,0,99.20477137176938
2025-02-01 13:45:00,499.0,3.33,67.0,13,45,5,0,149.84984984984985
2025-02-01 13:50:00,248.67929292929293,2.88,59.0,13,50,5,0,86.34697671156005
2025-02-01 13:55:00,283.0,7.13,35.0,13,55,5,0,39.691444600280505
2025-02-01 14:00:00,361.0,9.7,61.0,14,0,5,0,37.21649484536083
2025-02-01 14:05:00,141.0,1.11,30.0,14,5,5,0,127.02702702702702
2025-02-01 14:10:00,378.0,2.5,44.98909090909091,14,10,5,0,151.2
2025-02-01 14:15:00,85.0,6.95,36.0,14,15,5,0,12.23021582733813
2025-02-01 14:20:00,468.0,3.7,44.98909090909091,14,20,5,0,126.48648648648648
2025-02-01 14:25:00,60.0,7.69,64.0,14,25,5,0,7.802340702210663
2025-02-01 14:30:00,248.67929292929293,1.66,70.0,14,30,5,0,149.80680296945357
2025-02-01 14:35:00,126.0,3.07,23.0,14,35,5,0,41.042345276872965
2025-02-01 14:40:00,435.0,7.67,20.0,14,40,5,0,56.714471968709255
2025-02-01 14:45:00,119.0,5.481354838709677,44.98909090909091,14,45,5,0,21.7099610409482
2025-02-01 14:50:00,351.0,4.47,63.0,14,50,5,0,78.52348993288591
2025-02-01 14:55:00,361.0,5.481354838709677,41.0,14,55,5,0,65.85962971245631
2025-02-01 15:00:00,344.0,5.481354838709677,67.0,15,0,5,0,62.758206706606565
2025-02-01 15:05:00,208.0,4.06,48.0,15,5,5,0,51.231527093596064
2025-02-01 15:10:00,413.0,3.13,24.0,15,10,5,0,131.94888178913737
2025-02-01 15:15:00,343.0,4.23,44.98909090909091,15,15,5,0,81.08747044917257
2025-02-01 15:20:00,460.0,5.481354838709677,54.0,15,20,5,0,83.92085780534599
2025-02-01 15:25:00,266.0,3.69,31.0,15,25,5,0,72.08672086720867
2025-02-01 15:30:00,205.0,9.0,44.98909090909091,15,30,5,0,22.77777777777778
2025-02-01 15:35:00,308.0,5.19,38.0,15,35,5,0,59.34489402697495
2025-02-01 15:40:00,208.0,5.481354838709677,65.0,15,40,5,0,37.94682265980862
2025-02-01 15:45:00,417.0,9.06,46.0,15,45,5,0,46.026490066225165
2025-02-01 15:50:00,142.0,5.481354838709677,41.0,15,50,5,0,25.906003931215498
2025-02-01 15:55:00,367.0,5.78,69.0,15,55,5,0,63.49480968858131
2025-02-01 16:00:00,248.67929292929293,5.481354838709677,50.0,16,0,5,1,45.36821648055037
2025-02-01 16:05:00,232.0,4.64,53.0,16,5,5,1,50.0
2025-02-01 16:10:00,248.67929292929293,6.36,45.0,16,10,5,1,39.10051775617813
2025-02-01 16:15:00,284.0,9.64,44.98909090909091,16,15,5,1,29.46058091286307
2025-02-01 16:20:00,250.0,1.95,44.98909090909091,16,20,5,1,128.2051282051282
2025-02-01 16:25:00,364.0,2.48,68.0,16,25,5,1,146.7741935483871
2025-02-01 16:30:00,248.67929292929293,2.15,55.0,16,30,5,1,115.66478740897345
2025-02-01 16:35:00,7.0,3.94,38.0,16,35,5,1,1.7766497461928934
2025-02-01 16:40:00,248.67929292929293,2.52,44.98909090909091,16,40,5,1,98.68225909892577
2025-02-01 16:45:00,342.0,2.25,55.0,16,45,5,1,152.0
2025-02-01 16:50:00,108.0,5.481354838709677,63.0,16,50,5,1,19.703157919516013
2025-02-01 16:55:00,219.0,7.31,31.0,16,55,5,1,29.958960328317374
2025-02-01 17:00:00,239.0,6.03,33.0,17,0,5,1,39.6351575456053
2025-02-01 17:05:00,23.0,5.49,44.98909090909091,17,5,5,1,4.18943533697632
2025-02-01 17:10:00,322.0,2.11,44.98909090909091,17,10,5,1,152.60663507109007
2025-02-01 17:15:00,32.0,5.481354838709677,35.0,17,15,5,1,5.837972716893634
2025-02-01 17:20:00,248.67929292929293,3.89,64.0,17,20,5,1,63.92783879930409
2025-02-01 17:25:00,248.67929292929293,4.05,54.0,17,25,5,1,61.402294550442704
2025-02-01 17:30:00,67.0,5.481354838709677,43.0,17,30,5,1,12.223255375996045
2025-02-01 17:35:00,248.67929292929293,5.13,44.98909090909091,17,35,5,1,48.47549569771792
2025-02-01 17:40:00,117.0,5.84,66.0,17,40,5,1,20.034246575342465
2025-02-01 17:45:00,248.67929292929293,4.94,44.98909090909091,17,45,5,1,50.33993783993783
2025-02-01 17:50:00,81.0,5.4,44.0,17,50,5,1,14.999999999999998
2025-02-01 17:55:00,248.67929292929293,6.73,44.98909090909091,17,55,5,1,36.95086076215348
2025-02-01 18:00:00,58.0,5.481354838709677,41.0,18,0,5,1,10.58132554936971
2025-02-01 18:05:00,325.0,5.481354838709677,47.0,18,5,5,1,59.291910405950965
2025-02-01 18:10:00,426.0,9.86,63.0,18,10,5,1,43.20486815415822
2025-02-01 18:15:00,198.0,5.481354838709677,47.0,18,15,5,1,36.122456185779356
2025-02-01 18:20:00,46.0,5.15,44.0,18,20,5,1,8.932038834951456
2025-02-01 18:25:00,367.0,4.5,44.98909090909091,18,25,5,1,81.55555555555556
2025-02-01 18:30:00,105.0,7.33,44.98909090909091,18,30,5,1,14.324693042291951
2025-02-01 18:35:00,9.0,6.15,52.0,18,35,5,1,1.4634146341463414
2025-02-01 18:40:00,478.0,5.481354838709677,44.98909090909091,18,40,5,1,87.20471745859865
2025-02-01 18:45:00,461.0,1.86,44.98909090909091,18,45,5,1,247.8494623655914
2025-02-01 18:50:00,33.0,1.05,44.98909090909091,18,50,5,1,31.428571428571427
2025-02-01 18:55:00,74.0,7.44,65.0,18,55,5,1,9.946236559139784
2025-02-01 19:00:00,248.67929292929293,4.66,67.0,19,0,5,1,53.364655135041396
2025-02-01 19:05:00,207.0,5.481354838709677,56.0,19,5,5,1,37.764386012405694
2025-02-01 19:10:00,53.0,5.481354838709677,64.0,19,10,5,1,9.669142312355081
2025-02-01 19:15:00,262.0,5.481354838709677,28.0,19,15,5,1,47.798401619566626
2025-02-01 19:20:00,61.0,5.481354838709677,33.0,19,20,5,1,11.128635491578489
2025-02-01 19:25:00,395.0,3.02,29.0,19,25,5,1,130.79470198675497
2025-02-01 19:30:00,382.0,5.481354838709677,52.0,19,30,5,1,69.69079930791776
2025-02-01 19:35:00,248.67929292929293,6.99,43.0,19,35,5,1,35.576436756694264
2025-02-01 19:40:00,279.0,5.481354838709677,36.0,19,40,5,1,50.89982462541637
2025-02-01 19:45:00,252.0,3.6,64.0,19,45,5,1,70.0
2025-02-01 19:50:00,477.0,8.49,25.0,19,50,5,1,56.18374558303887
2025-02-01 19:55:00,248.67929292929293,5.32,29.0,19,55,5,1,46.74422799422799
2025-02-01 20:00:00,111.0,2.24,69.0,20,0,5,0,49.55357142857142
2025-02-01 20:05:00,287.0,4.22,37.0,20,5,5,0,68.0094786729858
2025-02-01 20:10:00,211.0,6.21,46.0,20,10,5,0,33.97745571658615
2025-02-01 20:15:00,498.0,9.82,55.0,20,15,5,0,50.71283095723014
2025-02-01 20:20:00,258.0,3.76,20.0,20,20,5,0,68.61702127659575
2025-02-01 20:25:00,373.0,9.11,40.0,20,25,5,0,40.944017563117455
2025-02-01 20:30:00,248.67929292929293,5.59,54.0,20,30,5,0,44.486456695759024
2025-02-01 20:35:00,120.0,1.99,23.0,20,35,5,0,60.301507537688444
2025-02-01 20:40:00,321.0,7.03,40.0,20,40,5,0,45.661450924608815
2025-02-01 20:45:00,248.67929292929293,7.68,44.98909090909091,20,45,5,0,32.38011626683502
2025-02-01 20:50:00,278.0,5.481354838709677,26.0,20,50,5,0,50.71738797801344
2025-02-01 20:55:00,440.0,5.03,44.98909090909091,20,55,5,0,87.47514910536779
2025-02-01 21:00:00,297.0,6.06,57.0,21,0,5,0,49.00990099009901
2025-02-01 21:05:00,248.67929292929293,4.52,68.0,21,5,5,0,55.017542683471895
2025-02-01 21:10:00,36.0,4.9,50.0,21,10,5,0,7.346938775510203
2025-02-01 21:15:00,43.0,8.75,53.0,21,15,5,0,4.914285714285715
2025-02-01 21:20:00,371.0,1.57,64.0,21,20,5,0,236.30573248407643
2025-02-01 21:25:00,271.0,5.481354838709677,67.0,21,25,5,0,49.44033144619296
2025-02-01 21:30:00,161.0,5.37,30.0,21,30,5,0,29.981378026070765
2025-02-01 21:35:00,473.0,4.42,53.0,21,35,5,0,107.01357466063348
2025-02-01 21:40:00,257.0,1.51,33.0,21,40,5,0,170.19867549668874
2025-02-01 21:45:00,452.0,4.01,68.0,21,45,5,0,112.71820448877806
2025-02-01 21:50:00,371.0,1.03,44.98909090909091,21,50,5,0,360.19417475728153
2025-02-01 21:55:00,420.0,6.36,23.0,21,55,5,0,66.0377358490566
2025-02-01 22:00:00,248.67929292929293,8.66,20.0,22,0,5,0,28.715853686985326
2025-02-01 22:05:00,350.0,5.481354838709677,55.0,22,5,5,0,63.85282659102412
2025-02-01 22:10:00,175.0,1.16,25.0,22,10,5,0,150.86206896551724
2025-02-01 22:15:00,248.67929292929293,7.03,56.0,22,15,5,0,35.374010374010375
2025-02-01 22:20:00,263.0,5.481354838709677,49.0,22,20,5,0,47.98083826696955
2025-02-01 22:25:00,332.0,5.17,70.0,22,25,5,0,64.21663442940039
2025-02-01 22:30:00,121.0,5.95,44.98909090909091,22,30,5,0,20.33613445378151
2025-02-01 22:35:00,256.0,8.38,44.98909090909091,22,35,5,0,30.548926014319807
2025-02-01 22:40:00,462.0,2.38,60.0,22,40,5,0,194.11764705882354
2025-02-01 22:45:00,286.0,4.74,55.0,22,45,5,0,60.33755274261603
2025-02-01 22:50:00,331.0,3.34,44.98909090909091,22,50,5,0,99.10179640718563
2025-02-01 22:55:00,248.67929292929293,5.56,42.0,22,55,5,0,44.72649153404549
2025-02-01 23:00:00,223.0,5.481354838709677,47.0,23,0,5,0,40.68337237085251
2025-02-01 23:05:00,248.67929292929293,3.12,39.0,23,5,5,0,79.70490157990157
2025-02-01 23:10:00,364.0,5.481354838709677,40.0,23,10,5,0,66.40693965466508
2025-02-01 23:15:00,197.0,2.45,46.0,23,15,5,0,80.40816326530611
2025-02-01 23:20:00,121.0,4.3,44.98909090909091,23,20,5,0,28.13953488372093
2025-02-01 23:25:00,125.0,1.18,67.0,23,25,5,0,105.93220338983052
2025-02-01 23:30:00,248.67929292929293,5.481354838709677,44.98909090909091,23,30,5,0,45.36821648055037
2025-02-01 23:35:00,248.67929292929293,1.21,26.0,23,35,5,0,205.52007680106854
2025-02-01 23:40:00,49.0,4.95,57.0,23,40,5,0,9.898989898989898
2025-02-01 23:45:00,434.0,1.33,35.0,23,45,5,0,326.3157894736842
2025-02-01 23:50:00,248.67929292929293,8.6,53.0,23,50,5,0,28.916196852243363
2025-02-01 23:55:00,339.0,3.37,41.0,23,55,5,0,100.59347181008901
2025-02-02 00:00:00,35.0,8.48,30.0,0,0,6,0,4.127358490566038
2025-02-02 00:05:00,105.0,9.14,42.0,0,5,6,0,11.48796498905908
2025-02-02 00:10:00,173.0,5.481354838709677,44.98909090909091,0,10,6,0,31.561540000706206
2025-02-02 00:15:00,204.0,1.32,44.98909090909091,0,15,6,0,154.54545454545453
2025-02-02 00:20:00,218.0,7.83,57.0,0,20,6,0,27.84163473818646
2025-02-02 00:25:00,102.0,1.08,44.98909090909091,0,25,6,0,94.44444444444444
2025-02-02 00:30:00,53.0,5.481354838709677,36.0,0,30,6,0,9.669142312355081
2025-02-02 00:35:00,255.0,5.79,25.0,0,35,6,0,44.04145077720207
2025-02-02 00:40:00,435.0,2.03,25.0,0,40,6,0,214.2857142857143
2025-02-02 00:45:00,429.0,8.64,60.0,0,45,6,0,49.65277777777777
2025-02-02 00:50:00,351.0,5.481354838709677,44.98909090909091,0,50,6,0,64.03526323842705
2025-02-02 00:55:00,248.67929292929293,5.481354838709677,21.0,0,55,6,0,45.36821648055037
2025-02-02 01:00:00,173.0,5.481354838709677,44.98909090909091,1,0,6,0,31.561540000706206
2025-02-02 01:05:00,248.67929292929293,1.87,59.0,1,5,6,0,132.98357910657376
2025-02-02 01:10:00,226.0,5.9,31.0,1,10,6,0,38.30508474576271
2025-02-02 01:15:00,143.0,5.481354838709677,34.0,1,15,6,0,26.088440578618425
2025-02-02 01:20:00,366.0,8.0,44.98909090909091,1,20,6,0,45.75
2025-02-02 01:25:00,248.67929292929293,5.481354838709677,35.0,1,25,6,0,45.36821648055037
2025-02-02 01:30:00,405.0,6.32,38.0,1,30,6,0,64.08227848101265
2025-02-02 01:35:00,49.0,9.66,43.0,1,35,6,0,5.072463768115942
2025-02-02 01:40:00,248.67929292929293,5.481354838709677,44.98909090909091,1,40,6,0,45.36821648055037
2025-02-02 01:45:00,286.0,5.481354838709677,22.0,1,45,6,0,52.17688115723685
2025-02-02 01:50:00,233.0,3.06,36.0,1,50,6,0,76.1437908496732
2025-02-02 01:55:00,466.0,5.481354838709677,32.0,1,55,6,0,85.01547768976354
2025-02-02 02:00:00,102.0,7.84,63.0,2,0,6,0,13.010204081632653
2025-02-02 02:05:00,41.0,3.17,44.98909090909091,2,5,6,0,12.933753943217665
2025-02-02 02:10:00,20.0,9.52,29.0,2,10,6,0,2.100840336134454
2025-02-02 02:15:00,248.67929292929293,5.481354838709677,62.0,2,15,6,0,45.36821648055037
2025-02-02 02:20:00,248.67929292929293,6.25,21.0,2,20,6,0,39.78868686868687
2025-02-02 02:25:00,419.0,5.481354838709677,45.0,2,25,6,0,76.44095526182602
2025-02-02 02:30:00,248.67929292929293,7.14,50.0,2,30,6,0,34.82903262315027
2025-02-02 02:35:00,248.67929292929293,9.27,64.0,2,35,6,0,26.826245191940984
2025-02-02 02:40:00,111.0,5.65,65.0,2,40,6,0,19.646017699115042
2025-02-02 02:45:00,392.0,2.78,48.0,2,45,6,0,141.00719424460434
2025-02-02 02:50:00,26.0,2.02,44.98909090909091,2,50,6,0,12.871287128712872
2025-02-02 02:55:00,39.0,7.01,70.0,2,55,6,0,5.563480741797433
2025-02-02 03:00:00,142.0,3.38,44.98909090909091,3,0,6,0,42.01183431952663
2025-02-02 03:05:00,250.0,4.21,51.0,3,5,6,0,59.38242280285036
2025-02-02 03:10:00,392.0,6.36,42.0,3,10,6,0,61.63522012578616
2025-02-02 03:15:00,57.0,5.481354838709677,32.0,3,15,6,0,10.398888901966785
2025-02-02 03:20:00,248.67929292929293,6.13,42.0,3,20,6,0,40.56758449091239
2025-02-02 03:25:00,102.0,9.23,44.98909090909091,3,25,6,0,11.050920910075838
2025-02-02 03:30:00,388.0,3.35,28.0,3,30,6,0,115.82089552238806
2025-02-02 03:35:00,248.67929292929293,4.58,37.0,3,35,6,0,54.2967888491906
2025-02-02 03:40:00,248.67929292929293,5.37,44.98909090909091,3,40,6,0,46.308993096702594
2025-02-02 03:45:00,222.0,9.15,33.0,3,45,6,0,24.262295081967213
2025-02-02 03:50:00,248.67929292929293,4.92,44.0,3,50,6,0,50.54457173359612
2025-02-02 03:55:00,449.0,1.04,46.0,3,55,6,0,431.7307692307692
2025-02-02 04:00:00,459.0,2.37,62.0,4,0,6,0,193.67088607594937
2025-02-02 04:05:00,78.0,1.25,67.0,4,5,6,0,62.4
2025-02-02 04:10:00,418.0,7.58,47.0,4,10,6,0,55.145118733509236
2025-02-02 04:15:00,361.0,6.31,51.0,4,15,6,0,57.210776545166404
2025-02-02 04:20:00,248.67929292929293,5.481354838709677,48.0,4,20,6,0,45.36821648055037
2025-02-02 04:25:00,406.0,4.06,44.98909090909091,4,25,6,0,100.00000000000001
2025-02-02 04:30:00,50.0,3.44,37.0,4,30,6,0,14.534883720930234
2025-02-02 04:35:00,250.0,8.37,27.0,4,35,6,0,29.868578255675033
2025-02-02 04:40:00,281.0,5.481354838709677,57.0,4,40,6,0,51.26469792022222
2025-02-02 04:45:00,257.0,5.481354838709677,44.98909090909091,4,45,6,0,46.886218382551995
2025-02-02 04:50:00,417.0,1.95,65.0,4,50,6,0,213.84615384615384
2025-02-02 04:55:00,248.67929292929293,8.95,44.98909090909091,4,55,6,0,27.78539585802156
2025-02-02 05:00:00,304.0,2.23,27.0,5,0,6,0,136.32286995515696
2025-02-02 05:05:00,412.0,5.481354838709677,41.0,5,5,6,0,75.16389873000553
2025-02-02 05:10:00,248.67929292929293,3.46,34.0,5,10,6,0,71.87262801424652
2025-02-02 05:15:00,140.0,3.99,44.0,5,15,6,0,35.08771929824561
2025-02-02 05:20:00,350.0,5.481354838709677,41.0,5,20,6,0,63.85282659102412
2025-02-02 05:25:00,248.67929292929293,1.45,64.0,5,25,6,0,171.50296064089167
2025-02-02 05:30:00,248.67929292929293,5.481354838709677,69.0,5,30,6,0,45.36821648055037
2025-02-02 05:35:00,138.0,8.93,61.0,5,35,6,0,15.453527435610303
2025-02-02 05:40:00,470.0,3.63,67.0,5,40,6,0,129.47658402203857
2025-02-02 05:45:00,79.0,4.42,22.0,5,45,6,0,17.873303167420815
2025-02-02 05:50:00,44.0,9.25,45.0,5,50,6,0,4.756756756756757
2025-02-02 05:55:00,421.0,5.481354838709677,44.98909090909091,5,55,6,0,76.80582855663187
2025-02-02 06:00:00,277.0,4.04,30.0,6,0,6,0,68.56435643564356
2025-02-02 06:05:00,133.0,6.17,44.0,6,5,6,0,21.555915721231766
2025-02-02 06:10:00,267.0,5.55,66.0,6,10,6,0,48.10810810810811
2025-02-02 06:15:00,191.0,5.481354838709677,39.0,6,15,6,0,34.84539965395888
2025-02-02 06:20:00,43.0,4.73,30.0,6,20,6,0,9.09090909090909
2025-02-02 06:25:00,248.67929292929293,5.91,55.0,6,25,6,0,42.07771453964347
2025-02-02 06:30:00,458.0,6.67,44.98909090909091,6,30,6,0,68.6656671664168
2025-02-02 06:35:00,415.0,5.481354838709677,32.0,6,35,6,0,75.71120867221431
2025-02-02 06:40:00,248.67929292929293,1.46,61.0,6,40,6,0,170.32828282828282
2025-02-02 06:45:00,196.0,5.481354838709677,55.0,6,45,6,0,35.75758289097351
2025-02-02 06:50:00,458.0,4.31,21.0,6,50,6,0,106.26450116009282
2025-02-02 06:55:00,248.67929292929293,5.481354838709677,68.0,6,55,6,0,45.36821648055037
2025-02-02 07:00:00,476.0,9.55,44.98909090909091,7,0,6,1,49.84293193717277
2025-02-02 07:05:00,463.0,6.11,40.0,7,5,6,1,75.77741407528642
2025-02-02 07:10:00,357.0,5.42,48.0,7,10,6,1,65.86715867158672
2025-02-02 07:15:00,6.0,5.481354838709677,30.0,7,15,6,1,1.0946198844175563
2025-02-02 07:20:00,420.0,5.481354838709677,63.0,7,20,6,1,76.62339190922894
2025-02-02 07:25:00,406.0,1.87,61.0,7,25,6,1,217.11229946524062
2025-02-02 07:30:00,208.0,4.77,25.0,7,30,6,1,43.60587002096437
2025-02-02 07:35:00,248.67929292929293,4.41,27.0,7,35,6,1,56.38986234224329
2025-02-02 07:40:00,480.0,4.03,28.0,7,40,6,1,119.10669975186103
2025-02-02 07:45:00,248.67929292929293,5.481354838709677,53.0,7,45,6,1,45.36821648055037
2025-02-02 07:50:00,248.67929292929293,5.481354838709677,67.0,7,50,6,1,45.36821648055037
2025-02-02 07:55:00,283.0,5.481354838709677,41.0,7,55,6,1,51.62957121502807
2025-02-02 08:00:00,248.67929292929293,6.97,52.0,8,0,6,1,35.67852122371491
2025-02-02 08:05:00,423.0,4.25,26.0,8,5,6,1,99.52941176470588
2025-02-02 08:10:00,248.67929292929293,5.481354838709677,57.0,8,10,6,1,45.36821648055037
2025-02-02 08:15:00,409.0,5.481354838709677,59.0,8,15,6,1,74.61658878779676
2025-02-02 08:20:00,81.0,1.47,40.0,8,20,6,1,55.10204081632653
2025-02-02 08:25:00,248.67929292929293,5.01,44.98909090909091,8,25,6,1,49.63658541502853
2025-02-02 08:30:00,298.0,3.35,63.0,8,30,6,1,88.95522388059702
2025-02-02 08:35:00,362.0,5.37,46.0,8,35,6,1,67.41154562383612
2025-02-02 08:40:00,22.0,2.24,24.0,8,40,6,1,9.821428571428571
2025-02-02 08:45:00,22.0,8.52,35.0,8,45,6,1,2.5821596244131455
2025-02-02 08:50:00,460.0,3.9,39.0,8,50,6,1,117.94871794871796
2025-02-02 08:55:00,248.67929292929293,4.19,63.0,8,55,6,1,59.35066657023697
2025-02-02 09:00:00,136.0,4.75,38.0,9,0,6,1,28.63157894736842
2025-02-02 09:05:00,248.67929292929293,8.59,44.98909090909091,9,5,6,1,28.94985947954516
2025-02-02 09:10:00,330.0,6.36,38.0,9,10,6,1,51.886792452830186
2025-02-02 09:15:00,237.0,9.25,44.98909090909091,9,15,6,1,25.62162162162162
2025-02-02 09:20:00,363.0,9.42,44.98909090909091,9,20,6,1,38.53503184713376
2025-02-02 09:25:00,137.0,5.481354838709677,33.0,9,25,6,1,24.99382069420087
2025-02-02 09:30:00,325.0,2.64,53.0,9,30,6,1,123.1060606060606
2025-02-02 09:35:00,387.0,5.481354838709677,44.98909090909091,9,35,6,1,70.60298254493239
2025-02-02 09:40:00,70.0,5.481354838709677,26.0,9,40,6,1,12.770565318204824
2025-02-02 09:45:00,359.0,3.32,44.98909090909091,9,45,6,1,108.13253012048193
2025-02-02 09:50:00,436.0,9.9,41.0,9,50,6,1,44.04040404040404
2025-02-02 09:55:00,248.67929292929293,5.481354838709677,30.0,9,55,6,1,45.36821648055037
2025-02-02 10:00:00,346.0,5.481354838709677,44.98909090909091,10,0,6,0,63.12308000141241
2025-02-02 10:05:00,480.0,5.481354838709677,70.0,10,5,6,0,87.5695907534045
2025-02-02 10:10:00,218.0,1.78,64.0,10,10,6,0,122.47191011235955
2025-02-02 10:15:00,187.0,5.481354838709677,27.0,10,15,6,0,34.11565306434717
2025-02-02 10:20:00,50.0,8.81,33.0,10,20,6,0,5.675368898978434
2025-02-02 10:25:00,206.0,1.26,38.0,10,25,6,0,163.4920634920635
2025-02-02 10:30:00,65.0,5.481354838709677,35.0,10,30,6,0,11.858382081190193
2025-02-02 10:35:00,305.0,3.99,48.0,10,35,6,0,76.44110275689222
2025-02-02 10:40:00,63.0,8.08,36.0,10,40,6,0,7.797029702970297
2025-02-02 10:45:00,41.0,5.481354838709677,46.0,10,45,6,0,7.479902543519968
2025-02-02 10:50:00,125.0,9.17,36.0,10,50,6,0,13.631406761177754
2025-02-02 10:55:00,458.0,7.86,27.0,10,55,6,0,58.26972010178117
2025-02-02 11:00:00,379.0,5.481354838709677,23.0,11,0,6,0,69.14348936570897
2025-02-02 11:05:00,49.0,5.78,59.0,11,5,6,0,8.477508650519031
2025-02-02 11:10:00,320.0,9.28,66.0,11,10,6,0,34.48275862068966
2025-02-02 11:15:00,349.0,5.481354838709677,44.98909090909091,11,15,6,0,63.670389943621196
2025-02-02 11:20:00,248.67929292929293,6.11,67.0,11,20,6,0,40.70037527484336
2025-02-02 11:25:00,157.0,8.49,25.0,11,25,6,0,18.492343934040047
2025-02-02 11:30:00,248.67929292929293,7.89,52.0,11,30,6,0,31.51828807722344
2025-02-02 11:35:00,301.0,5.481354838709677,20.0,11,35,6,0,54.91343086828074
2025-02-02 11:40:00,237.0,6.39,33.0,11,40,6,0,37.08920187793427
2025-02-02 11:45:00,489.0,5.481354838709677,69.0,11,45,6,0,89.21152058003084
2025-02-02 11:50:00,248.67929292929293,6.86,20.0,11,50,6,0,36.25062579144212
2025-02-02 11:55:00,459.0,5.47,48.0,11,55,6,0,83.91224862888483
2025-02-02 12:00:00,408.0,5.481354838709677,68.0,12,0,6,0,74.43415214039383
2025-02-02 12:05:00,262.0,5.481354838709677,67.0,12,5,6,0,47.798401619566626
2025-02-02 12:10:00,306.0,6.15,47.0,12,10,6,0,49.756097560975604
2025-02-02 12:15:00,276.0,3.51,43.0,12,15,6,0,78.63247863247864
2025-02-02 12:20:00,33.0,1.62,62.0,12,20,6,0,20.37037037037037
2025-02-02 12:25:00,18.0,7.88,64.0,12,25,6,0,2.284263959390863
2025-02-02 12:30:00,248.67929292929293,5.481354838709677,67.0,12,30,6,0,45.36821648055037
2025-02-02 12:35:00,58.0,3.53,68.0,12,35,6,0,16.430594900849858
2025-02-02 12:40:00,162.0,5.481354838709677,66.0,12,40,6,0,29.55473687927402
2025-02-02 12:45:00,248.67929292929293,6.78,44.98909090909091,12,45,6,0,36.678361788981256
2025-02-02 12:50:00,28.0,1.23,48.0,12,50,6,0,22.764227642276424
2025-02-02 12:55:00,80.0,4.37,44.98909090909091,12,55,6,0,18.306636155606405
2025-02-02 13:00:00,342.0,5.35,63.0,13,0,6,0,63.925233644859816
2025-02-02 13:05:00,248.67929292929293,2.58,42.0,13,5,6,0,96.38732284081121
2025-02-02 13:10:00,386.0,1.8,64.0,13,10,6,0,214.44444444444443
2025-02-02 13:15:00,274.0,5.481354838709677,54.0,13,15,6,0,49.98764138840174
2025-02-02 13:20:00,86.0,4.21,43.0,13,20,6,0,20.42755344418052
2025-02-02 13:25:00,378.0,6.13,44.0,13,25,6,0,61.66394779771615
2025-02-02 13:30:00,413.0,2.7,64.0,13,30,6,0,152.96296296296296
2025-02-02 13:35:00,318.0,4.93,46.0,13,35,6,0,64.50304259634889
2025-02-02 13:40:00,410.0,5.481354838709677,60.0,13,40,6,0,74.79902543519968
2025-02-02 13:45:00,216.0,3.18,45.0,13,45,6,0,67.9245283018868
2025-02-02 13:50:00,469.0,3.35,26.0,13,50,6,0,140.0
2025-02-02 13:55:00,214.0,6.03,47.0,13,55,6,0,35.489220563847425
2025-02-02 14:00:00,105.0,5.1,53.0,14,0,6,0,20.58823529411765
2025-02-02 14:05:00,49.0,2.49,27.0,14,5,6,0,19.67871485943775
2025-02-02 14:10:00,159.0,5.481354838709677,60.0,14,10,6,0,29.007426937065244
2025-02-02 14:15:00,389.0,3.77,51.0,14,15,6,0,103.18302387267904
2025-02-02 14:20:00,10.0,5.481354838709677,47.0,14,20,6,0,1.8243664740292604
2025-02-02 14:25:00,364.0,9.57,33.0,14,25,6,0,38.0355276907001
2025-02-02 14:30:00,248.67929292929293,5.481354838709677,42.0,14,30,6,0,45.36821648055037
2025-02-02 14:35:00,248.67929292929293,5.48,60.0,14,35,6,0,45.37943301629433
2025-02-02 14:40:00,436.0,5.481354838709677,20.0,14,40,6,0,79.54237826767576
2025-02-02 14:45:00,147.0,2.05,28.0,14,45,6,0,71.70731707317074
2025-02-02 14:50:00,262.0,7.94,41.0,14,50,6,0,32.99748110831234
2025-02-02 14:55:00,248.67929292929293,5.481354838709677,27.0,14,55,6,0,45.36821648055037
2025-02-02 15:00:00,143.0,7.18,24.0,15,0,6,0,19.91643454038997
2025-02-02 15:05:00,248.67929292929293,8.41,48.0,15,5,6,0,29.56947597256753
2025-02-02 15:10:00,445.0,7.31,21.0,15,10,6,0,60.87551299589604
2025-02-02 15:15:00,175.0,5.59,44.98909090909091,15,15,6,0,31.305903398926656
2025-02-02 15:20:00,144.0,8.48,54.0,15,20,6,0,16.9811320754717
2025-02-02 15:25:00,248.67929292929293,2.25,21.0,15,25,6,0,110.52413019079685
2025-02-02 15:30:00,354.0,4.3,40.0,15,30,6,0,82.32558139534883
2025-02-02 15:35:00,284.0,2.12,29.0,15,35,6,0,133.96226415094338
2025-02-02 15:40:00,470.0,5.73,21.0,15,40,6,0,82.02443280977312
2025-02-02 15:45:00,378.0,8.98,44.98909090909091,15,45,6,0,42.093541202672604
2025-02-02 15:50:00,198.0,5.481354838709677,44.98909090909091,15,50,6,0,36.122456185779356
2025-02-02 15:55:00,256.0,6.76,42.0,15,55,6,0,37.8698224852071
2025-02-02 16:00:00,285.0,5.481354838709677,31.0,16,0,6,1,51.994444509833926
2025-02-02 16:05:00,442.0,7.59,49.0,16,5,6,1,58.23451910408432
2025-02-02 16:10:00,88.0,7.54,33.0,16,10,6,1,11.671087533156498
2025-02-02 16:15:00,395.0,4.59,64.0,16,15,6,1,86.05664488017429
2025-02-02 16:20:00,80.0,1.48,40.0,16,20,6,1,54.054054054054056
2025-02-02 16:25:00,477.0,7.43,44.98909090909091,16,25,6,1,64.1991924629879
2025-02-02 16:30:00,197.0,7.14,39.0,16,30,6,1,27.591036414565828
2025-02-02 16:35:00,374.0,5.27,69.0,16,35,6,1,70.96774193548387
2025-02-02 16:40:00,226.0,7.4,49.0,16,40,6,1,30.54054054054054
2025-02-02 16:45:00,192.0,7.46,21.0,16,45,6,1,25.737265415549597
2025-02-02 16:50:00,113.0,8.63,63.0,16,50,6,1,13.093858632676708
2025-02-02 16:55:00,248.67929292929293,3.24,44.98909090909091,16,55,6,1,76.75286818805337
2025-02-02 17:00:00,453.0,1.08,48.0,17,0,6,1,419.4444444444444
2025-02-02 17:05:00,92.0,1.41,36.0,17,5,6,1,65.24822695035462
2025-02-02 17:10:00,192.0,5.481354838709677,24.0,17,10,6,1,35.0278363013618
2025-02-02 17:15:00,409.0,6.17,40.0,17,15,6,1,66.28849270664506
2025-02-02 17:20:00,248.67929292929293,5.481354838709677,44.98909090909091,17,20,6,1,45.36821648055037
2025-02-02 17:25:00,200.0,5.481354838709677,33.0,17,25,6,1,36.48732948058521
2025-02-02 17:30:00,415.0,4.57,68.0,17,30,6,1,90.80962800875272
2025-02-02 17:35:00,172.0,9.84,44.98909090909091,17,35,6,1,17.479674796747968
2025-02-02 17:40:00,233.0,5.481354838709677,52.0,17,40,6,1,42.50773884488177
2025-02-02 17:45:00,358.0,6.42,61.0,17,45,6,1,55.76323987538941
2025-02-02 17:50:00,248.67929292929293,9.96,54.0,17,50,6,1,24.967800494908925
2025-02-02 17:55:00,248.67929292929293,5.85,40.0,17,55,6,1,42.50928084261418
2025-02-02 18:00:00,398.0,6.41,21.0,18,0,6,1,62.090483619344774
2025-02-02 18:05:00,474.0,9.57,53.0,18,5,6,1,49.52978056426332
2025-02-02 18:10:00,171.0,5.7,44.98909090909091,18,10,6,1,30.0
2025-02-02 18:15:00,174.0,4.0,42.0,18,15,6,1,43.5
2025-02-02 18:20:00,166.0,2.18,44.0,18,20,6,1,76.14678899082568
2025-02-02 18:25:00,216.0,7.1,55.0,18,25,6,1,30.422535211267608
2025-02-02 18:30:00,248.67929292929293,5.481354838709677,45.0,18,30,6,1,45.36821648055037
2025-02-02 18:35:00,94.0,8.91,51.0,18,35,6,1,10.549943883277216
2025-02-02 18:40:00,116.0,8.73,49.0,18,40,6,1,13.287514318442152
2025-02-02 18:45:00,87.0,5.99,44.98909090909091,18,45,6,1,14.524207011686142
2025-02-02 18:50:00,176.0,3.63,61.0,18,50,6,1,48.484848484848484
2025-02-02 18:55:00,342.0,5.481354838709677,60.0,18,55,6,1,62.39333341180071
2025-02-02 19:00:00,135.0,5.481354838709677,28.0,19,0,6,1,24.628947399395017
2025-02-02 19:05:00,248.67929292929293,5.481354838709677,44.0,19,5,6,1,45.36821648055037
2025-02-02 19:10:00,40.0,9.65,69.0,19,10,6,1,4.1450777202072535
2025-02-02 19:15:00,391.0,2.72,48.0,19,15,6,1,143.75
2025-02-02 19:20:00,386.0,7.75,32.0,19,20,6,1,49.806451612903224
2025-02-02 19:25:00,248.67929292929293,4.37,55.0,19,25,6,1,56.906016688625385
2025-02-02 19:30:00,359.0,5.481354838709677,58.0,19,30,6,1,65.49475641765045
2025-02-02 19:35:00,75.0,8.72,47.0,19,35,6,1,8.60091743119266
2025-02-02 19:40:00,4.0,4.5,37.0,19,40,6,1,0.8888888888888888
2025-02-02 19:45:00,32.0,6.56,44.98909090909091,19,45,6,1,4.878048780487805
2025-02-02 19:50:00,414.0,5.481354838709677,62.0,19,50,6,1,75.52877202481139
2025-02-02 19:55:00,248.67929292929293,9.47,20.0,19,55,6,1,26.25969302315659
2025-02-02 20:00:00,31.0,6.41,23.0,20,0,6,0,4.83619344773791
2025-02-02 20:05:00,95.0,1.57,60.0,20,5,6,0,60.509554140127385
2025-02-02 20:10:00,146.0,3.52,21.0,20,10,6,0,41.47727272727273
2025-02-02 20:15:00,248.67929292929293,7.14,23.0,20,15,6,0,34.82903262315027
2025-02-02 20:20:00,248.67929292929293,5.9,44.98909090909091,20,20,6,0,42.14903269988015
2025-02-02 20:25:00,201.0,7.6,44.98909090909091,20,25,6,0,26.447368421052634
2025-02-02 20:30:00,382.0,8.43,59.0,20,30,6,0,45.314353499406884
2025-02-02 20:35:00,248.67929292929293,5.481354838709677,52.0,20,35,6,0,45.36821648055037
2025-02-02 20:40:00,69.0,9.47,45.0,20,40,6,0,7.286166842661034
2025-02-02 20:45:00,303.0,5.08,31.0,20,45,6,0,59.645669291338585
2025-02-02 20:50:00,3.0,2.39,29.0,20,50,6,0,1.2552301255230125
2025-02-02 20:55:00,98.0,2.64,44.98909090909091,20,55,6,0,37.12121212121212
2025-02-02 21:00:00,333.0,6.77,47.0,21,0,6,0,49.18759231905466
2025-02-02 21:05:00,348.0,8.32,20.0,21,5,6,0,41.82692307692307
2025-02-02 21:10:00,61.0,2.71,41.0,21,10,6,0,22.509225092250922
2025-02-02 21:15:00,361.0,6.95,44.98909090909091,21,15,6,0,51.94244604316547
2025-02-02 21:20:00,176.0,4.69,25.0,21,20,6,0,37.52665245202558
2025-02-02 21:25:00,248.67929292929293,8.64,41.0,21,25,6,0,28.782325570520012
2025-02-02 21:30:00,44.0,1.63,36.0,21,30,6,0,26.993865030674847
2025-02-02 21:35:00,388.0,6.64,25.0,21,35,6,0,58.43373493975904
2025-02-02 21:40:00,433.0,7.56,41.0,21,40,6,0,57.27513227513228
2025-02-02 21:45:00,273.0,6.87,44.98909090909091,21,45,6,0,39.737991266375545
2025-02-02 21:50:00,202.0,3.56,29.0,21,50,6,0,56.741573033707866
2025-02-02 21:55:00,316.0,9.84,43.0,21,55,6,0,32.113821138211385
2025-02-02 22:00:00,119.0,6.64,27.0,22,0,6,0,17.92168674698795
2025-02-02 22:05:00,321.0,5.481354838709677,64.0,22,5,6,0,58.562163816339265
2025-02-02 22:10:00,344.0,8.13,32.0,22,10,6,0,42.31242312423124
2025-02-02 22:15:00,18.0,5.481354838709677,39.0,22,15,6,0,3.283859653252669
2025-02-02 22:20:00,248.67929292929293,5.481354838709677,26.0,22,20,6,0,45.36821648055037
2025-02-02 22:25:00,34.0,4.98,23.0,22,25,6,0,6.827309236947791
2025-02-02 22:30:00,283.0,9.94,32.0,22,30,6,0,28.47082494969819
2025-02-02 22:35:00,237.0,1.15,41.0,22,35,6,0,206.08695652173915
2025-02-02 22:40:00,248.67929292929293,3.15,52.0,22,40,6,0,78.94580727914061
2025-02-02 22:45:00,248.67929292929293,2.77,54.0,22,45,6,0,89.7759180250155
2025-02-02 22:50:00,443.0,5.66,70.0,22,50,6,0,78.26855123674912
2025-02-02 22:55:00,358.0,9.55,26.0,22,55,6,0,37.48691099476439
2025-02-02 23:00:00,248.67929292929293,2.46,44.98909090909091,23,0,6,0,101.08914346719224
2025-02-02 23:05:00,265.0,4.23,61.0,23,5,6,0,62.64775413711583
2025-02-02 23:10:00,61.0,4.23,44.98909090909091,23,10,6,0,14.420803782505908
2025-02-02 23:15:00,248.67929292929293,5.05,62.0,23,15,6,0,49.243424342434245
2025-02-02 23:20:00,350.0,3.83,69.0,23,20,6,0,91.38381201044386
2025-02-02 23:25:00,248.67929292929293,9.71,43.0,23,25,6,0,25.610637788804624
2025-02-02 23:30:00,147.0,7.11,44.0,23,30,6,0,20.675105485232066
2025-02-02 23:35:00,429.0,5.481354838709677,43.0,23,35,6,0,78.26532173585528
2025-02-02 23:40:00,322.0,9.09,22.0,23,40,6,0,35.42354235423542
2025-02-02 23:45:00,122.0,8.63,54.0,23,45,6,0,14.136732329084587
2025-02-02 23:50:00,189.0,8.76,46.0,23,50,6,0,21.575342465753426
2025-02-02 23:55:00,248.67929292929293,3.64,38.0,23,55,6,0,68.31848706848706
2025-02-03 00:00:00,247.0,3.76,59.0,0,0,0,0,65.69148936170212
2025-02-03 00:05:00,33.0,5.481354838709677,67.0,0,5,0,0,6.02040936429656
2025-02-03 00:10:00,248.67929292929293,9.88,63.0,0,10,0,0,25.169968919968916
2025-02-03 00:15:00,56.0,6.77,64.0,0,15,0,0,8.271787296898081
2025-02-03 00:20:00,69.0,1.55,22.0,0,20,0,0,44.516129032258064
2025-02-03 00:25:00,393.0,1.31,63.0,0,25,0,0,300.0
2025-02-03 00:30:00,161.0,3.13,44.98909090909091,0,30,0,0,51.43769968051119
2025-02-03 00:35:00,489.0,2.59,44.0,0,35,0,0,188.80308880308883
2025-02-03 00:40:00,20.0,7.42,44.98909090909091,0,40,0,0,2.6954177897574123
2025-02-03 00:45:00,3.0,2.63,44.98909090909091,0,45,0,0,1.1406844106463878
2025-02-03 00:50:00,206.0,6.92,37.0,0,50,0,0,29.76878612716763
2025-02-03 00:55:00,273.0,4.5,44.98909090909091,0,55,0,0,60.666666666666664
2025-02-03 01:00:00,401.0,1.4,55.0,1,0,0,0,286.42857142857144
2025-02-03 01:05:00,245.0,7.83,22.0,1,5,0,0,31.28991060025543
2025-02-03 01:10:00,170.0,2.17,24.0,1,10,0,0,78.3410138248848
2025-02-03 01:15:00,297.0,5.481354838709677,28.0,1,15,0,0,54.183684278669034
2025-02-03 01:20:00,23.0,5.481354838709677,20.0,1,20,0,0,4.196042890267299
2025-02-03 01:25:00,209.0,5.481354838709677,25.0,1,25,0,0,38.12925930721155
2025-02-03 01:30:00,248.67929292929293,7.67,21.0,1,30,0,0,32.42233284606166
2025-02-03 01:35:00,460.0,4.01,22.0,1,35,0,0,114.713216957606
2025-02-03 01:40:00,248.67929292929293,8.62,41.0,1,40,0,0,28.849105908270644
2025-02-03 01:45:00,264.0,8.95,23.0,1,45,0,0,29.497206703910617
2025-02-03 01:50:00,191.0,3.98,59.0,1,50,0,0,47.98994974874372
2025-02-03 01:55:00,322.0,7.21,49.0,1,55,0,0,44.66019417475728
2025-02-03 02:00:00,461.0,3.63,38.0,2,0,0,0,126.99724517906337
2025-02-03 02:05:00,326.0,4.04,30.0,2,5,0,0,80.6930693069307
2025-02-03 02:10:00,248.67929292929293,1.05,20.0,2,10,0,0,236.83742183742183
2025-02-03 02:15:00,174.0,5.47,26.0,2,15,0,0,31.80987202925046
2025-02-03 02:20:00,132.0,5.47,50.0,2,20,0,0,24.131627056672762
2025-02-03 02:25:00,372.0,5.481354838709677,64.0,2,25,0,0,67.8664328338885
2025-02-03 02:30:00,216.0,7.8,50.0,2,30,0,0,27.692307692307693
2025-02-03 02:35:00,86.0,1.25,69.0,2,35,0,0,68.8
2025-02-03 02:40:00,169.0,5.481354838709677,44.0,2,40,0,0,30.831793411094502
2025-02-03 02:45:00,359.0,5.481354838709677,64.0,2,45,0,0,65.49475641765045
2025-02-03 02:50:00,15.0,6.55,31.0,2,50,0,0,2.290076335877863
2025-02-03 02:55:00,327.0,5.481354838709677,44.98909090909091,2,55,0,0,59.65678370075682
2025-02-03 03:00:00,248.67929292929293,8.81,36.0,3,0,0,0,28.22693449821713
2025-02-03 03:05:00,134.0,6.21,44.98909090909091,3,5,0,0,21.578099838969404
2025-02-03 03:10:00,194.0,5.481354838709677,26.0,3,10,0,0,35.392709596167656
2025-02-03 03:15:00,370.0,5.48,46.0,3,15,0,0,67.51824817518248
2025-02-03 03:20:00,156.0,8.49,30.0,3,20,0,0,18.374558303886925
2025-02-03 03:25:00,80.0,2.61,55.0,3,25,0,0,30.651340996168585
2025-02-03 03:30:00,362.0,2.28,44.98909090909091,3,30,0,0,158.77192982456143
2025-02-03 03:35:00,12.0,8.89,44.98909090909091,3,35,0,0,1.3498312710911136
2025-02-03 03:40:00,248.67929292929293,3.07,35.0,3,40,0,0,81.00302701279901
2025-02-03 03:45:00,248.67929292929293,7.0,35.0,3,45,0,0,35.525613275613274
2025-02-03 03:50:00,226.0,5.481354838709677,44.98909090909091,3,50,0,0,41.23068231306129
2025-02-03 03:55:00,248.67929292929293,8.75,34.0,3,55,0,0,28.42049062049062
2025-02-03 04:00:00,122.0,3.6,42.0,4,0,0,0,33.888888888888886
2025-02-03 04:05:00,157.0,5.43,51.0,4,5,0,0,28.913443830570905
2025-02-03 04:10:00,248.67929292929293,4.66,34.0,4,10,0,0,53.364655135041396
2025-02-03 04:15:00,284.0,7.19,31.0,4,15,0,0,39.499304589707926
2025-02-03 04:20:00,115.0,2.97,60.0,4,20,0,0,38.72053872053872
2025-02-03 04:25:00,210.0,5.27,44.0,4,25,0,0,39.84819734345351
2025-02-03 04:30:00,391.0,7.79,66.0,4,30,0,0,50.19255455712452
2025-02-03 04:35:00,434.0,9.31,44.98909090909091,4,35,0,0,46.616541353383454
2025-02-03 04:40:00,73.0,1.08,22.0,4,40,0,0,67.5925925925926
2025-02-03 04:45:00,382.0,7.26,59.0,4,45,0,0,52.617079889807165
2025-02-03 04:50:00,356.0,5.481354838709677,44.98909090909091,4,50,0,0,64.94744647544168
2025-02-03 04:55:00,248.67929292929293,4.61,39.0,4,55,0,0,53.94344749008523
2025-02-03 05:00:00,142.0,2.02,51.0,5,0,0,0,70.29702970297029
2025-02-03 05:05:00,76.0,1.74,22.0,5,5,0,0,43.67816091954023
2025-02-03 05:10:00,248.67929292929293,5.99,68.0,5,10,0,0,41.51574172442286
2025-02-03 05:15:00,98.0,7.14,44.98909090909091,5,15,0,0,13.725490196078432
2025-02-03 05:20:00,147.0,5.481354838709677,27.0,5,20,0,0,26.81818716823013
2025-02-03 05:25:00,468.0,4.2,31.0,5,25,0,0,111.42857142857143
2025-02-03 05:30:00,334.0,2.4,44.98909090909091,5,30,0,0,139.16666666666669
2025-02-03 05:35:00,490.0,5.481354838709677,20.0,5,35,0,0,89.39395722743376
2025-02-03 05:40:00,396.0,3.33,62.0,5,40,0,0,118.91891891891892
2025-02-03 05:45:00,97.0,6.64,45.0,5,45,0,0,14.60843373493976
2025-02-03 05:50:00,262.0,2.2,25.0,5,50,0,0,119.09090909090908
2025-02-03 05:55:00,300.0,7.83,59.0,5,55,0,0,38.314176245210724
2025-02-03 06:00:00,267.0,5.481354838709677,44.98909090909091,6,0,0,0,48.71058485658126
2025-02-03 06:05:00,62.0,6.84,44.98909090909091,6,5,0,0,9.064327485380117
2025-02-03 06:10:00,359.0,5.481354838709677,65.0,6,10,0,0,65.49475641765045
2025-02-03 06:15:00,382.0,8.75,44.98909090909091,6,15,0,0,43.65714285714286
2025-02-03 06:20:00,393.0,5.481354838709677,67.0,6,20,0,0,71.69760242934994
2025-02-03 06:25:00,73.0,2.41,36.0,6,25,0,0,30.29045643153527
2025-02-03 06:30:00,186.0,7.27,44.98909090909091,6,30,0,0,25.584594222833562
2025-02-03 06:35:00,66.0,8.61,47.0,6,35,0,0,7.665505226480836
2025-02-03 06:40:00,248.67929292929293,9.61,38.0,6,40,0,0,25.877137661737038
2025-02-03 06:45:00,399.0,5.1,45.0,6,45,0,0,78.23529411764706
2025-02-03 06:50:00,303.0,8.8,47.0,6,50,0,0,34.43181818181818
2025-02-03 06:55:00,248.67929292929293,3.06,31.0,6,55,0,0,81.26774278735063
2025-02-03 07:00:00,186.0,4.18,68.0,7,0,0,1,44.49760765550239
2025-02-03 07:05:00,39.0,5.481354838709677,68.0,7,5,0,1,7.115029248714116
2025-02-03 07:10:00,16.0,6.71,44.98909090909091,7,10,0,1,2.384500745156483
2025-02-03 07:15:00,306.0,8.47,25.0,7,15,0,1,36.12750885478158
2025-02-03 07:20:00,359.0,2.3,63.0,7,20,0,1,156.08695652173915
2025-02-03 07:25:00,377.0,1.13,69.0,7,25,0,1,333.6283185840708
2025-02-03 07:30:00,4.0,2.65,60.0,7,30,0,1,1.509433962264151
2025-02-03 07:35:00,280.0,3.47,44.98909090909091,7,35,0,1,80.69164265129683
2025-02-03 07:40:00,128.0,4.78,70.0,7,40,0,1,26.778242677824267
2025-02-03 07:45:00,499.0,3.2,22.0,7,45,0,1,155.9375
2025-02-03 07:50:00,335.0,9.49,57.0,7,50,0,1,35.30031612223393
2025-02-03 07:55:00,278.0,7.58,44.98909090909091,7,55,0,1,36.675461741424805
2025-02-03 08:00:00,3.0,5.18,37.0,8,0,0,1,0.5791505791505792
2025-02-03 08:05:00,203.0,5.481354838709677,52.0,8,5,0,1,37.03463942279399
2025-02-03 08:10:00,26.0,9.36,44.98909090909091,8,10,0,1,2.777777777777778
2025-02-03 08:15:00,219.0,5.15,59.0,8,15,0,1,42.52427184466019
2025-02-03 08:20:00,139.0,5.481354838709677,30.0,8,20,0,1,25.35869398900672
2025-02-03 08:25:00,24.0,5.481354838709677,25.0,8,25,0,1,4.378479537670225
2025-02-03 08:30:00,327.0,6.93,44.98909090909091,8,30,0,1,47.18614718614719
2025-02-03 08:35:00,275.0,5.481354838709677,56.0,8,35,0,1,50.170078035804664
2025-02-03 08:40:00,205.0,3.98,28.0,8,40,0,1,51.50753768844221
2025-02-03 08:45:00,248.67929292929293,3.74,51.0,8,45,0,1,66.49178955328688
2025-02-03 08:50:00,276.0,3.63,44.98909090909091,8,50,0,1,76.03305785123968
2025-02-03 08:55:00,378.0,7.17,49.0,8,55,0,1,52.71966527196653
2025-02-03 09:00:00,141.0,1.57,60.0,9,0,0,1,89.80891719745223
2025-02-03 09:05:00,248.67929292929293,3.07,44.98909090909091,9,5,0,1,81.00302701279901
2025-02-03 09:10:00,248.67929292929293,7.6,50.0,9,10,0,1,32.7209595959596
2025-02-03 09:15:00,352.0,5.481354838709677,69.0,9,15,0,1,64.21769988582997
2025-02-03 09:20:00,317.0,5.481354838709677,23.0,9,20,0,1,57.83241722672756
2025-02-03 09:25:00,49.0,5.481354838709677,64.0,9,25,0,1,8.939395722743377
2025-02-03 09:30:00,248.67929292929293,2.58,29.0,9,30,0,1,96.38732284081121
2025-02-03 09:35:00,13.0,5.481354838709677,68.0,9,35,0,1,2.3716764162380386
2025-02-03 09:40:00,194.0,7.3,47.0,9,40,0,1,26.575342465753426
2025-02-03 09:45:00,248.67929292929293,2.44,25.0,9,45,0,1,101.91774300380858
2025-02-03 09:50:00,433.0,6.0,52.0,9,50,0,1,72.16666666666667
2025-02-03 09:55:00,326.0,2.27,27.0,9,55,0,1,143.6123348017621
2025-02-03 10:00:00,351.0,5.64,69.0,10,0,0,0,62.23404255319149
2025-02-03 10:05:00,473.0,5.481354838709677,57.0,10,5,0,0,86.29253422158402
2025-02-03 10:10:00,248.67929292929293,6.4,21.0,10,10,0,0,38.85613952020202
2025-02-03 10:15:00,36.0,5.481354838709677,33.0,10,15,0,0,6.567719306505338
2025-02-03 10:20:00,187.0,5.481354838709677,27.0,10,20,0,0,34.11565306434717
2025-02-03 10:25:00,310.0,5.481354838709677,30.0,10,25,0,0,56.55536069490707
2025-02-03 10:30:00,280.0,6.38,28.0,10,30,0,0,43.8871473354232
2025-02-03 10:35:00,120.0,6.77,44.98909090909091,10,35,0,0,17.725258493353028
2025-02-03 10:40:00,115.0,2.79,67.0,10,40,0,0,41.21863799283154
2025-02-03 10:45:00,248.67929292929293,5.481354838709677,53.0,10,45,0,0,45.36821648055037
2025-02-03 10:50:00,201.0,1.63,67.0,10,50,0,0,123.31288343558283
2025-02-03 10:55:00,372.0,9.24,34.0,10,55,0,0,40.25974025974026
2025-02-03 11:00:00,314.0,9.12,44.98909090909091,11,0,0,0,34.429824561403514
2025-02-03 11:05:00,248.67929292929293,5.59,51.0,11,5,0,0,44.486456695759024
2025-02-03 11:10:00,157.0,1.19,68.0,11,10,0,0,131.9327731092437
2025-02-03 11:15:00,237.0,5.481354838709677,65.0,11,15,0,0,43.23748543449347
2025-02-03 11:20:00,91.0,5.481354838709677,61.0,11,20,0,0,16.60173491366627
2025-02-03 11:25:00,248.67929292929293,6.65,50.0,11,25,0,0,37.39538239538239
2025-02-03 11:30:00,248.67929292929293,7.8,44.98909090909091,11,30,0,0,31.88196063196063
2025-02-03 11:35:00,278.0,5.481354838709677,57.0,11,35,0,0,50.71738797801344
2025-02-03 11:40:00,336.0,3.39,44.98909090909091,11,40,0,0,99.11504424778761
2025-02-03 11:45:00,201.0,9.69,37.0,11,45,0,0,20.743034055727556
2025-02-03 11:50:00,332.0,5.481354838709677,40.0,11,50,0,0,60.56896693777145
2025-02-03 11:55:00,455.0,7.96,51.0,11,55,0,0,57.1608040201005
2025-02-03 12:00:00,460.0,3.16,44.98909090909091,12,0,0,0,145.56962025316454
2025-02-03 12:05:00,124.0,8.83,62.0,12,5,0,0,14.04303510758777
2025-02-03 12:10:00,305.0,6.04,44.98909090909091,12,10,0,0,50.496688741721854
2025-02-03 12:15:00,248.67929292929293,9.65,44.98909090909091,12,15,0,0,25.769874914952634
2025-02-03 12:20:00,19.0,5.481354838709677,29.0,12,20,0,0,3.466296300655595
2025-02-03 12:25:00,339.0,6.64,23.0,12,25,0,0,51.05421686746988
2025-02-03 12:30:00,349.0,9.43,64.0,12,30,0,0,37.009544008483566
2025-02-03 12:35:00,178.0,9.15,42.0,12,35,0,0,19.453551912568305
2025-02-03 12:40:00,93.0,1.23,25.0,12,40,0,0,75.60975609756098
2025-02-03 12:45:00,349.0,5.481354838709677,44.98909090909091,12,45,0,0,63.670389943621196
2025-02-03 12:50:00,324.0,8.4,25.0,12,50,0,0,38.57142857142857
2025-02-03 12:55:00,355.0,6.01,55.0,12,55,0,0,59.06821963394343
2025-02-03 13:00:00,337.0,5.481354838709677,22.0,13,0,0,0,61.48115017478608
2025-02-03 13:05:00,69.0,7.65,51.0,13,5,0,0,9.019607843137255
2025-02-03 13:10:00,171.0,5.481354838709677,35.0,13,10,0,0,31.196666705900356
2025-02-03 13:15:00,321.0,5.481354838709677,25.0,13,15,0,0,58.562163816339265
2025-02-03 13:20:00,347.0,5.481354838709677,26.0,13,20,0,0,63.30551664881534
2025-02-03 13:25:00,128.0,6.28,20.0,13,25,0,0,20.38216560509554
2025-02-03 13:30:00,248.67929292929293,1.19,32.0,13,30,0,0,208.97419573890164
2025-02-03 13:35:00,248.67929292929293,7.22,65.0,13,35,0,0,34.443115364167994
2025-02-03 13:40:00,119.0,9.8,23.0,13,40,0,0,12.142857142857142
2025-02-03 13:45:00,248.67929292929293,5.481354838709677,65.0,13,45,0,0,45.36821648055037
2025-02-03 13:50:00,207.0,5.481354838709677,24.0,13,50,0,0,37.764386012405694
2025-02-03 13:55:00,336.0,4.1,64.0,13,55,0,0,81.95121951219512
2025-02-03 14:00:00,499.0,7.54,44.98909090909091,14,0,0,0,66.18037135278514
2025-02-03 14:05:00,248.67929292929293,5.69,53.0,14,5,0,0,43.70462090145745
2025-02-03 14:10:00,248.67929292929293,7.33,70.0,14,10,0,0,33.9262336874888
2025-02-03 14:15:00,318.0,1.84,62.0,14,15,0,0,172.82608695652172
2025-02-03 14:20:00,347.0,5.481354838709677,30.0,14,20,0,0,63.30551664881534
2025-02-03 14:25:00,40.0,9.71,24.0,14,25,0,0,4.119464469618949
2025-02-03 14:30:00,492.0,6.75,34.0,14,30,0,0,72.88888888888889
2025-02-03 14:35:00,439.0,5.481354838709677,44.98909090909091,14,35,0,0,80.08968820988454
2025-02-03 14:40:00,369.0,4.75,67.0,14,40,0,0,77.6842105263158
2025-02-03 14:45:00,221.0,5.481354838709677,28.0,14,45,0,0,40.318499076046656
2025-02-03 14:50:00,248.67929292929293,8.02,21.0,14,50,0,0,31.007393133328296
2025-02-03 14:55:00,248.67929292929293,9.71,29.0,14,55,0,0,25.610637788804624
2025-02-03 15:00:00,248.67929292929293,7.14,44.98909090909091,15,0,0,0,34.82903262315027
2025-02-03 15:05:00,248.67929292929293,7.81,51.0,15,5,0,0,31.841138659320478
2025-02-03 15:10:00,370.0,7.75,33.0,15,10,0,0,47.74193548387097
2025-02-03 15:15:00,56.0,8.26,33.0,15,15,0,0,6.779661016949153
2025-02-03 15:20:00,461.0,6.4,66.0,15,20,0,0,72.03125
2025-02-03 15:25:00,396.0,8.7,51.0,15,25,0,0,45.51724137931035
2025-02-03 15:30:00,448.0,6.19,23.0,15,30,0,0,72.37479806138933
2025-02-03 15:35:00,248.67929292929293,6.14,66.0,15,35,0,0,40.501513506399505
2025-02-03 15:40:00,96.0,6.49,47.0,15,40,0,0,14.791987673343606
2025-02-03 15:45:00,403.0,5.481354838709677,44.98909090909091,15,45,0,0,73.5219689033792
2025-02-03 15:50:00,338.0,3.71,28.0,15,50,0,0,91.10512129380054
2025-02-03 15:55:00,248.67929292929293,5.88,46.0,15,55,0,0,42.29239675668247
2025-02-03 16:00:00,206.0,4.69,62.0,16,0,0,1,43.92324093816631
2025-02-03 16:05:00,248.67929292929293,5.89,44.98909090909091,16,5,0,1,42.22059302704464
2025-02-03 16:10:00,452.0,5.481354838709677,31.0,16,10,0,1,82.46136462612257
2025-02-03 16:15:00,269.0,1.59,59.0,16,15,0,1,169.1823899371069
2025-02-03 16:20:00,248.67929292929293,8.4,44.98909090909091,16,20,0,1,29.60467772967773
2025-02-03 16:25:00,303.0,1.64,44.98909090909091,16,25,0,1,184.75609756097563
2025-02-03 16:30:00,408.0,9.95,49.0,16,30,0,1,41.005025125628144
2025-02-03 16:35:00,145.0,5.82,44.98909090909091,16,35,0,1,24.914089347079038
2025-02-03 16:40:00,103.0,2.7,44.98909090909091,16,40,0,1,38.148148148148145
2025-02-03 16:45:00,248.67929292929293,3.54,66.0,16,45,0,1,70.24838783313359
2025-02-03 16:50:00,228.0,8.98,58.0,16,50,0,1,25.389755011135858
2025-02-03 16:55:00,303.0,5.481354838709677,66.0,16,55,0,1,55.278304163086595
2025-02-03 17:00:00,373.0,1.2,52.0,17,0,0,1,310.83333333333337
2025-02-03 17:05:00,260.0,7.75,23.0,17,5,0,1,33.54838709677419
2025-02-03 17:10:00,145.0,7.61,47.0,17,10,0,1,19.053876478318003
2025-02-03 17:15:00,248.67929292929293,5.07,49.0,17,15,0,1,49.04917020301635
2025-02-03 17:20:00,248.67929292929293,9.3,29.0,17,20,0,1,26.73970891712827
2025-02-03 17:25:00,136.0,1.39,60.0,17,25,0,1,97.84172661870504
2025-02-03 17:30:00,143.0,1.91,25.0,17,30,0,1,74.86910994764398
2025-02-03 17:35:00,5.0,5.481354838709677,21.0,17,35,0,1,0.9121832370146302
2025-02-03 17:40:00,36.0,5.481354838709677,47.0,17,40,0,1,6.567719306505338
2025-02-03 17:45:00,248.67929292929293,1.47,63.0,17,45,0,1,169.1695870267299
2025-02-03 17:50:00,24.0,8.18,59.0,17,50,0,1,2.93398533007335
2025-02-03 17:55:00,291.0,9.81,41.0,17,55,0,1,29.66360856269113
2025-02-03 18:00:00,433.0,8.2,58.0,18,0,0,1,52.804878048780495
2025-02-03 18:05:00,125.0,5.481354838709677,24.0,18,5,0,1,22.804580925365755
2025-02-03 18:10:00,248.67929292929293,7.71,27.0,18,10,0,1,32.25412359653605
2025-02-03 18:15:00,72.0,1.21,22.0,18,15,0,1,59.50413223140496
2025-02-03 18:20:00,248.67929292929293,4.3,44.98909090909091,18,20,0,1,57.83239370448673
2025-02-03 18:25:00,329.0,4.83,64.0,18,25,0,1,68.1159420289855
2025-02-03 18:30:00,417.0,8.21,37.0,18,30,0,1,50.79171741778318
2025-02-03 18:35:00,110.0,6.44,68.0,18,35,0,1,17.080745341614907
2025-02-03 18:40:00,248.67929292929293,3.28,67.0,18,40,0,1,75.81685760039419
2025-02-03 18:45:00,145.0,7.71,68.0,18,45,0,1,18.80674448767834
2025-02-03 18:50:00,27.0,3.25,34.0,18,50,0,1,8.307692307692308
2025-02-03 18:55:00,193.0,5.481354838709677,21.0,18,55,0,1,35.210272948764725
2025-02-03 19:00:00,6.0,5.01,34.0,19,0,0,1,1.1976047904191618
2025-02-03 19:05:00,444.0,5.15,25.0,19,5,0,1,86.2135922330097
2025-02-03 19:10:00,119.0,6.12,40.0,19,10,0,1,19.444444444444443
2025-02-03 19:15:00,248.67929292929293,5.481354838709677,30.0,19,15,0,1,45.36821648055037
2025-02-03 19:20:00,493.0,7.27,67.0,19,20,0,1,67.81292984869326
2025-02-03 19:25:00,248.67929292929293,5.481354838709677,50.0,19,25,0,1,45.36821648055037
2025-02-03 19:30:00,147.0,4.56,52.0,19,30,0,1,32.23684210526316
2025-02-03 19:35:00,248.67929292929293,1.68,26.0,19,35,0,1,148.02338864838865
2025-02-03 19:40:00,248.67929292929293,7.74,57.0,19,40,0,1,32.129107613603736
2025-02-03 19:45:00,248.67929292929293,2.25,50.0,19,45,0,1,110.52413019079685
2025-02-03 19:50:00,248.67929292929293,7.59,44.98909090909091,19,50,0,1,32.7640702146631
2025-02-03 19:55:00,489.0,7.42,50.0,19,55,0,1,65.90296495956873
2025-02-03 20:00:00,248.67929292929293,7.48,44.98909090909091,20,0,0,0,33.24589477664344
2025-02-03 20:05:00,486.0,9.26,22.0,20,5,0,0,52.48380129589633
2025-02-03 20:10:00,481.0,2.27,44.98909090909091,20,10,0,0,211.8942731277533
2025-02-03 20:15:00,327.0,2.02,68.0,20,15,0,0,161.88118811881188
2025-02-03 20:20:00,466.0,9.89,45.0,20,20,0,0,47.118301314459046
2025-02-03 20:25:00,138.0,3.44,44.98909090909091,20,25,0,0,40.116279069767444
2025-02-03 20:30:00,211.0,1.18,50.0,20,30,0,0,178.8135593220339
2025-02-03 20:35:00,436.0,7.1,26.0,20,35,0,0,61.40845070422535
2025-02-03 20:40:00,248.67929292929293,5.46,57.0,20,40,0,0,45.545658045658044
2025-02-03 20:45:00,248.67929292929293,5.481354838709677,20.0,20,45,0,0,45.36821648055037
2025-02-03 20:50:00,306.0,5.481354838709677,70.0,20,50,0,0,55.82561410529537
2025-02-03 20:55:00,98.0,1.36,44.98909090909091,20,55,0,0,72.05882352941175
2025-02-03 21:00:00,236.0,5.481354838709677,22.0,21,0,0,0,43.05504878709055
2025-02-03 21:05:00,194.0,6.11,43.0,21,5,0,0,31.751227495908346
2025-02-03 21:10:00,306.0,6.6,60.0,21,10,0,0,46.36363636363637
2025-02-03 21:15:00,445.0,5.91,49.0,21,15,0,0,75.29610829103214
2025-02-03 21:20:00,255.0,5.481354838709677,44.98909090909091,21,20,0,0,46.52134508774614
2025-02-03 21:25:00,248.67929292929293,5.481354838709677,44.98909090909091,21,25,0,0,45.36821648055037
2025-02-03 21:30:00,247.0,4.6,67.0,21,30,0,0,53.69565217391305
2025-02-03 21:35:00,127.0,8.26,56.0,21,35,0,0,15.375302663438257
2025-02-03 21:40:00,24.0,5.481354838709677,62.0,21,40,0,0,4.378479537670225
2025-02-03 21:45:00,464.0,7.92,32.0,21,45,0,0,58.58585858585859
2025-02-03 21:50:00,143.0,3.6,60.0,21,50,0,0,39.72222222222222
2025-02-03 21:55:00,248.67929292929293,8.56,21.0,21,55,0,0,29.05131926744076
2025-02-03 22:00:00,248.67929292929293,5.14,34.0,22,0,0,0,48.38118539480408
2025-02-03 22:05:00,392.0,1.38,42.0,22,5,0,0,284.05797101449275
2025-02-03 22:10:00,248.67929292929293,4.24,44.98909090909091,22,10,0,0,58.650776634267196
2025-02-03 22:15:00,236.0,9.18,48.0,22,15,0,0,25.70806100217865
2025-02-03 22:20:00,248.67929292929293,9.35,69.0,22,20,0,0,26.596715821314753
2025-02-03 22:25:00,91.0,4.7,27.0,22,25,0,0,19.361702127659573
2025-02-03 22:30:00,248.67929292929293,9.09,39.0,22,30,0,0,27.357457968019023
2025-02-03 22:35:00,341.0,4.32,62.0,22,35,0,0,78.93518518518518
2025-02-03 22:40:00,76.0,6.33,44.0,22,40,0,0,12.006319115323855
2025-02-03 22:45:00,248.67929292929293,6.12,61.0,22,45,0,0,40.633871393675314
2025-02-03 22:50:00,248.67929292929293,5.481354838709677,44.98909090909091,22,50,0,0,45.36821648055037
2025-02-03 22:55:00,279.0,4.07,25.0,22,55,0,0,68.55036855036855
2025-02-03 23:00:00,122.0,5.481354838709677,24.0,23,0,0,0,22.257270983156978
2025-02-03 23:05:00,161.0,8.62,64.0,23,5,0,0,18.677494199535964
2025-02-03 23:10:00,8.0,3.59,28.0,23,10,0,0,2.2284122562674096
2025-02-03 23:15:00,273.0,3.06,63.0,23,15,0,0,89.2156862745098
2025-02-03 23:20:00,421.0,5.481354838709677,44.98909090909091,23,20,0,0,76.80582855663187
2025-02-03 23:25:00,31.0,6.75,42.0,23,25,0,0,4.592592592592593
2025-02-03 23:30:00,248.67929292929293,3.39,65.0,23,30,0,0,73.35672357796251
2025-02-03 23:35:00,170.0,3.08,33.0,23,35,0,0,55.19480519480519
2025-02-03 23:40:00,248.67929292929293,4.73,44.98909090909091,23,40,0,0,52.5749033677152
2025-02-03 23:45:00,357.0,5.17,24.0,23,45,0,0,69.05222437137331
2025-02-03 23:50:00,457.0,5.03,57.0,23,50,0,0,90.8548707753479
2025-02-03 23:55:00,170.0,4.37,43.0,23,55,0,0,38.901601830663616
2025-02-04 00:00:00,248.67929292929293,3.87,20.0,0,0,1,0,64.25821522720747
2025-02-04 00:05:00,248.67929292929293,6.42,59.0,0,5,1,0,38.735092356587685
2025-02-04 00:10:00,458.0,4.28,30.0,0,10,1,0,107.00934579439252
2025-02-04 00:15:00,284.0,5.481354838709677,27.0,0,15,1,0,51.812007862430995
2025-02-04 00:20:00,15.0,3.26,44.98909090909091,0,20,1,0,4.601226993865031
2025-02-04 00:25:00,379.0,5.55,57.0,0,25,1,0,68.28828828828829
2025-02-04 00:30:00,444.0,3.03,44.98909090909091,0,30,1,0,146.53465346534654
2025-02-04 00:35:00,375.0,1.89,57.0,0,35,1,0,198.41269841269843
2025-02-04 00:40:00,212.0,1.82,66.0,0,40,1,0,116.48351648351648
2025-02-04 00:45:00,248.67929292929293,2.7,47.0,0,45,1,0,92.10344182566404
2025-02-04 00:50:00,381.0,7.45,62.0,0,50,1,0,51.14093959731544
2025-02-04 00:55:00,381.0,5.481354838709677,20.0,0,55,1,0,69.50836266051482
2025-02-04 01:00:00,353.0,6.77,29.0,1,0,1,0,52.14180206794683
2025-02-04 01:05:00,373.0,9.33,32.0,1,5,1,0,39.97856377277599
2025-02-04 01:10:00,480.0,8.36,35.0,1,10,1,0,57.41626794258374
2025-02-04 01:15:00,454.0,5.92,44.98909090909091,1,15,1,0,76.6891891891892
2025-02-04 01:20:00,440.0,3.87,48.0,1,20,1,0,113.69509043927648
2025-02-04 01:25:00,248.67929292929293,1.43,69.0,1,25,1,0,173.901603447058
2025-02-04 01:30:00,248.67929292929293,7.76,44.98909090909091,1,30,1,0,32.04630063521816
2025-02-04 01:35:00,25.0,4.19,44.98909090909091,1,35,1,0,5.966587112171837
2025-02-04 01:40:00,248.67929292929293,3.05,48.0,1,40,1,0,81.53419440304687
2025-02-04 01:45:00,454.0,1.07,56.0,1,45,1,0,424.29906542056074
2025-02-04 01:50:00,17.0,5.48,51.0,1,50,1,0,3.1021897810218975
2025-02-04 01:55:00,248.67929292929293,5.481354838709677,44.0,1,55,1,0,45.36821648055037
2025-02-04 02:00:00,248.67929292929293,9.36,43.0,2,0,1,0,26.568300526633863
2025-02-04 02:05:00,70.0,3.96,44.98909090909091,2,5,1,0,17.67676767676768
2025-02-04 02:10:00,248.67929292929293,7.26,22.0,2,10,1,0,34.25334613351142
2025-02-04 02:15:00,8.0,5.481354838709677,64.0,2,15,1,0,1.4594931792234085
2025-02-04 02:20:00,239.0,5.481354838709677,49.0,2,20,1,0,43.602358729299326
2025-02-04 02:25:00,205.0,9.08,26.0,2,25,1,0,22.577092511013216
2025-02-04 02:30:00,125.0,5.481354838709677,34.0,2,30,1,0,22.804580925365755
2025-02-04 02:35:00,248.67929292929293,5.81,24.0,2,35,1,0,42.801943705558166
2025-02-04 02:40:00,182.0,8.83,62.0,2,40,1,0,20.611551528878824
2025-02-04 02:45:00,394.0,9.59,44.98909090909091,2,45,1,0,41.0844629822732
2025-02-04 02:50:00,210.0,5.481354838709677,52.0,2,50,1,0,38.31169595461447
2025-02-04 02:55:00,74.0,5.481354838709677,65.0,2,55,1,0,13.500311907816528
2025-02-04 03:00:00,228.0,5.29,47.0,3,0,1,0,43.10018903591683
2025-02-04 03:05:00,158.0,5.31,52.0,3,5,1,0,29.755178907721284
2025-02-04 03:10:00,318.0,5.481354838709677,44.98909090909091,3,10,1,0,58.01485387413049
2025-02-04 03:15:00,210.0,1.95,25.0,3,15,1,0,107.6923076923077
2025-02-04 03:20:00,163.0,5.481354838709677,29.0,3,20,1,0,29.737173526676948
2025-02-04 03:25:00,475.0,2.24,53.0,3,25,1,0,212.05357142857142
2025-02-04 03:30:00,117.0,3.9,37.0,3,30,1,0,30.0
2025-02-04 03:35:00,59.0,7.77,37.0,3,35,1,0,7.5933075933075935
2025-02-04 03:40:00,390.0,9.21,55.0,3,40,1,0,42.34527687296416
2025-02-04 03:45:00,248.67929292929293,8.35,44.98909090909091,3,45,1,0,29.78195124901712
2025-02-04 03:50:00,237.0,3.09,29.0,3,50,1,0,76.6990291262136
2025-02-04 03:55:00,452.0,5.06,62.0,3,55,1,0,89.32806324110673
2025-02-04 04:00:00,144.0,6.17,40.0,4,0,1,0,23.3387358184765
2025-02-04 04:05:00,248.67929292929293,5.481354838709677,34.0,4,5,1,0,45.36821648055037
2025-02-04 04:10:00,163.0,6.34,38.0,4,10,1,0,25.709779179810727
2025-02-04 04:15:00,308.0,2.2,63.0,4,15,1,0,140.0
2025-02-04 04:20:00,488.0,6.82,61.0,4,20,1,0,71.55425219941348
2025-02-04 04:25:00,315.0,3.34,61.0,4,25,1,0,94.311377245509
2025-02-04 04:30:00,391.0,5.93,32.0,4,30,1,0,65.93591905564925
2025-02-04 04:35:00,182.0,5.481354838709677,48.0,4,35,1,0,33.20346982733254
2025-02-04 04:40:00,114.0,8.96,41.0,4,40,1,0,12.723214285714285
2025-02-04 04:45:00,349.0,2.45,44.98909090909091,4,45,1,0,142.44897959183672
2025-02-04 04:50:00,277.0,5.481354838709677,47.0,4,50,1,0,50.53495133061052
2025-02-04 04:55:00,23.0,3.92,30.0,4,55,1,0,5.86734693877551
2025-02-04 05:00:00,248.67929292929293,8.98,45.0,5,0,1,0,27.692571595689635
2025-02-04 05:05:00,36.0,2.49,44.0,5,5,1,0,14.457831325301203
2025-02-04 05:10:00,248.67929292929293,8.73,60.0,5,10,1,0,28.485600564638364
2025-02-04 05:15:00,0.0,8.6,49.0,5,15,1,0,0.0
2025-02-04 05:20:00,81.0,5.42,44.98909090909091,5,20,1,0,14.944649446494465
2025-02-04 05:25:00,145.0,2.37,40.0,5,25,1,0,61.18143459915611
2025-02-04 05:30:00,248.67929292929293,2.58,53.0,5,30,1,0,96.38732284081121
2025-02-04 05:35:00,248.67929292929293,8.42,28.0,5,35,1,0,29.534357830082296
2025-02-04 05:40:00,44.0,7.7,37.0,5,40,1,0,5.714285714285714
2025-02-04 05:45:00,248.67929292929293,8.36,22.0,5,45,1,0,29.746326905417817
2025-02-04 05:50:00,208.0,2.89,28.0,5,50,1,0,71.97231833910034
2025-02-04 05:55:00,425.0,5.69,49.0,5,55,1,0,74.69244288224955
2025-02-04 06:00:00,102.0,2.57,37.0,6,0,1,0,39.688715953307394
2025-02-04 06:05:00,162.0,5.481354838709677,49.0,6,5,1,0,29.55473687927402
2025-02-04 06:10:00,29.0,3.66,45.0,6,10,1,0,7.923497267759562
2025-02-04 06:15:00,347.0,5.46,32.0,6,15,1,0,63.553113553113555
2025-02-04 06:20:00,455.0,5.481354838709677,40.0,6,20,1,0,83.00867456833136
2025-02-04 06:25:00,175.0,8.4,66.0,6,25,1,0,20.833333333333332
2025-02-04 06:30:00,451.0,5.59,34.0,6,30,1,0,80.67978533094812
2025-02-04 06:35:00,239.0,5.481354838709677,46.0,6,35,1,0,43.602358729299326
2025-02-04 06:40:00,409.0,5.481354838709677,70.0,6,40,1,0,74.61658878779676
2025-02-04 06:45:00,206.0,6.01,52.0,6,45,1,0,34.27620632279534
2025-02-04 06:50:00,431.0,5.481354838709677,44.98909090909091,6,50,1,0,78.63019503066113
2025-02-04 06:55:00,358.0,5.22,53.0,6,55,1,0,68.5823754789272
2025-02-04 07:00:00,354.0,7.27,64.0,7,0,1,1,48.693259972489685
2025-02-04 07:05:00,181.0,3.83,58.0,7,5,1,1,47.25848563968668
2025-02-04 07:10:00,130.0,7.32,20.0,7,10,1,1,17.759562841530055
2025-02-04 07:15:00,355.0,8.33,45.0,7,15,1,1,42.61704681872749
2025-02-04 07:20:00,341.0,5.481354838709677,68.0,7,20,1,1,62.21089676439778
2025-02-04 07:25:00,176.0,5.481354838709677,22.0,7,25,1,1,32.108849942914986
2025-02-04 07:30:00,171.0,5.481354838709677,54.0,7,30,1,1,31.196666705900356
2025-02-04 07:35:00,133.0,2.87,61.0,7,35,1,1,46.34146341463414
2025-02-04 07:40:00,97.0,2.34,70.0,7,40,1,1,41.452991452991455
2025-02-04 07:45:00,367.0,4.74,62.0,7,45,1,1,77.42616033755274
2025-02-04 07:50:00,248.67929292929293,5.481354838709677,35.0,7,50,1,1,45.36821648055037
2025-02-04 07:55:00,413.0,3.03,44.98909090909091,7,55,1,1,136.30363036303632
2025-02-04 08:00:00,353.0,5.481354838709677,54.0,8,0,1,1,64.4001365332329
2025-02-04 08:05:00,228.0,9.05,36.0,8,5,1,1,25.193370165745854
2025-02-04 08:10:00,248.67929292929293,1.84,65.0,8,10,1,1,135.15178963548527
2025-02-04 08:15:00,202.0,4.35,40.0,8,15,1,1,46.43678160919541
2025-02-04 08:20:00,268.0,7.73,48.0,8,20,1,1,34.67011642949547
2025-02-04 08:25:00,313.0,4.42,22.0,8,25,1,1,70.81447963800905
2025-02-04 08:30:00,293.0,7.67,46.0,8,30,1,1,38.20078226857888
2025-02-04 08:35:00,355.0,3.99,42.0,8,35,1,1,88.97243107769422
2025-02-04 08:40:00,102.0,5.481354838709677,52.0,8,40,1,1,18.60853803509846
2025-02-04 08:45:00,321.0,7.48,37.0,8,45,1,1,42.9144385026738
2025-02-04 08:50:00,248.67929292929293,6.94,44.98909090909091,8,50,1,1,35.83275114254941
2025-02-04 08:55:00,479.0,5.481354838709677,67.0,8,55,1,1,87.38715410600157
2025-02-04 09:00:00,272.0,5.9,37.0,9,0,1,1,46.101694915254235
2025-02-04 09:05:00,178.0,7.55,43.0,9,5,1,1,23.576158940397352
2025-02-04 09:10:00,496.0,9.95,44.98909090909091,9,10,1,1,49.84924623115578
2025-02-04 09:15:00,68.0,5.68,60.0,9,15,1,1,11.971830985915494
2025-02-04 09:20:00,393.0,3.42,31.0,9,20,1,1,114.91228070175438
2025-02-04 09:25:00,272.0,5.481354838709677,61.0,9,25,1,1,49.62276809359589
2025-02-04 09:30:00,323.0,6.73,31.0,9,30,1,1,47.99405646359584
2025-02-04 09:35:00,265.0,5.97,60.0,9,35,1,1,44.388609715242886
2025-02-04 09:40:00,350.0,5.481354838709677,43.0,9,40,1,1,63.85282659102412
2025-02-04 09:45:00,248.67929292929293,5.481354838709677,53.0,9,45,1,1,45.36821648055037
2025-02-04 09:50:00,306.0,5.481354838709677,46.0,9,50,1,1,55.82561410529537
2025-02-04 09:55:00,134.0,3.19,29.0,9,55,1,1,42.00626959247649
2025-02-04 10:00:00,161.0,5.481354838709677,44.98909090909091,10,0,1,0,29.372300231871094
2025-02-04 10:05:00,15.0,4.85,29.0,10,5,1,0,3.0927835051546393
2025-02-04 10:10:00,483.0,4.93,44.98909090909091,10,10,1,0,97.97160243407708
2025-02-04 10:15:00,466.0,4.55,66.0,10,15,1,0,102.41758241758242
2025-02-04 10:20:00,248.67929292929293,6.75,44.0,10,20,1,0,36.841376730265615
2025-02-04 10:25:00,434.0,3.36,55.0,10,25,1,0,129.16666666666669
2025-02-04 10:30:00,248.67929292929293,8.38,30.0,10,30,1,0,29.675333285118484
2025-02-04 10:35:00,248.67929292929293,5.481354838709677,44.98909090909091,10,35,1,0,45.36821648055037
2025-02-04 10:40:00,214.0,5.19,44.0,10,40,1,0,41.23314065510597
2025-02-04 10:45:00,400.0,5.481354838709677,67.0,10,45,1,0,72.97465896117042
2025-02-04 10:50:00,248.67929292929293,5.481354838709677,70.0,10,50,1,0,45.36821648055037
2025-02-04 10:55:00,287.0,3.48,44.98909090909091,10,55,1,0,82.47126436781609
2025-02-04 11:00:00,203.0,5.481354838709677,40.0,11,0,1,0,37.03463942279399
2025-02-04 11:05:00,249.0,5.84,44.98909090909091,11,5,1,0,42.636986301369866
2025-02-04 11:10:00,196.0,8.87,30.0,11,10,1,0,22.096956031567082
2025-02-04 11:15:00,69.0,5.481354838709677,44.98909090909091,11,15,1,0,12.588128670801897
2025-02-04 11:20:00,303.0,4.62,43.0,11,20,1,0,65.58441558441558
2025-02-04 11:25:00,31.0,5.481354838709677,44.98909090909091,11,25,1,0,5.655536069490708
2025-02-04 11:30:00,433.0,6.76,41.0,11,30,1,0,64.05325443786982
2025-02-04 11:35:00,175.0,9.46,41.0,11,35,1,0,18.498942917547566
2025-02-04 11:40:00,248.67929292929293,4.6,65.0,11,40,1,0,54.06071585419412
2025-02-04 11:45:00,102.0,6.86,33.0,11,45,1,0,14.868804664723031
2025-02-04 11:50:00,248.67929292929293,7.39,34.0,11,50,1,0,33.650783887590386
2025-02-04 11:55:00,284.0,4.42,27.0,11,55,1,0,64.25339366515837
2025-02-04 12:00:00,248.67929292929293,5.09,44.98909090909091,12,0,1,0,48.8564426187216
2025-02-04 12:05:00,236.0,4.47,44.98909090909091,12,5,1,0,52.79642058165548
2025-02-04 12:10:00,350.0,3.51,69.0,12,10,1,0,99.71509971509973
2025-02-04 12:15:00,422.0,3.02,66.0,12,15,1,0,139.73509933774835
2025-02-04 12:20:00,333.0,9.58,26.0,12,20,1,0,34.75991649269311
2025-02-04 12:25:00,418.0,5.481354838709677,28.0,12,25,1,0,76.2585186144231
2025-02-04 12:30:00,293.0,2.21,57.0,12,30,1,0,132.579185520362
2025-02-04 12:35:00,244.0,6.81,68.0,12,35,1,0,35.82966226138033
2025-02-04 12:40:00,159.0,5.481354838709677,26.0,12,40,1,0,29.007426937065244
2025-02-04 12:45:00,248.67929292929293,6.46,44.98909090909091,12,45,1,0,38.49524658348188
2025-02-04 12:50:00,23.0,6.15,48.0,12,50,1,0,3.7398373983739837
2025-02-04 12:55:00,270.0,9.72,43.0,12,55,1,0,27.777777777777775
2025-02-04 13:00:00,283.0,7.95,44.98909090909091,13,0,1,0,35.59748427672956
2025-02-04 13:05:00,310.0,5.481354838709677,26.0,13,5,1,0,56.55536069490707
2025-02-04 13:10:00,55.0,2.76,64.0,13,10,1,0,19.92753623188406
2025-02-04 13:15:00,248.67929292929293,2.48,52.0,13,15,1,0,100.27390843923102
2025-02-04 13:20:00,420.0,5.481354838709677,20.0,13,20,1,0,76.62339190922894
2025-02-04 13:25:00,310.0,7.0,20.0,13,25,1,0,44.285714285714285
2025-02-04 13:30:00,287.0,9.63,69.0,13,30,1,0,29.802699896157836
2025-02-04 13:35:00,248.67929292929293,8.98,41.0,13,35,1,0,27.692571595689635
2025-02-04 13:40:00,138.0,3.47,24.0,13,40,1,0,39.76945244956772
2025-02-04 13:45:00,248.67929292929293,2.11,65.0,13,45,1,0,117.85748480061277
2025-02-04 13:50:00,4.0,1.77,51.0,13,50,1,0,2.2598870056497176
2025-02-04 13:55:00,248.67929292929293,7.49,44.98909090909091,13,55,1,0,33.20150773421801
2025-02-04 14:00:00,448.0,4.05,60.0,14,0,1,0,110.61728395061729
2025-02-04 14:05:00,492.0,5.481354838709677,44.98909090909091,14,5,1,0,89.75883052223962
2025-02-04 14:10:00,467.0,1.19,30.0,14,10,1,0,392.436974789916
2025-02-04 14:15:00,248.67929292929293,8.69,44.98909090909091,14,15,1,0,28.616719554579166
2025-02-04 14:20:00,467.0,8.74,39.0,14,20,1,0,53.4324942791762
2025-02-04 14:25:00,165.0,1.86,39.0,14,25,1,0,88.70967741935483
2025-02-04 14:30:00,336.0,5.35,66.0,14,30,1,0,62.803738317757016
2025-02-04 14:35:00,248.67929292929293,1.04,44.98909090909091,14,35,1,0,239.11470473970473
2025-02-04 14:40:00,248.67929292929293,8.14,49.0,14,40,1,0,30.55028168664532
2025-02-04 14:45:00,137.0,5.481354838709677,22.0,14,45,1,0,24.99382069420087
2025-02-04 14:50:00,351.0,5.36,39.0,14,50,1,0,65.48507462686567
2025-02-04 14:55:00,372.0,2.64,54.0,14,55,1,0,140.9090909090909
2025-02-04 15:00:00,177.0,5.481354838709677,44.98909090909091,15,0,1,0,32.29128659031791
2025-02-04 15:05:00,139.0,5.481354838709677,39.0,15,5,1,0,25.35869398900672
2025-02-04 15:10:00,248.67929292929293,7.2,55.0,15,10,1,0,34.53879068462402
2025-02-04 15:15:00,103.0,7.3,33.0,15,15,1,0,14.10958904109589
2025-02-04 15:20:00,383.0,9.18,52.0,15,20,1,0,41.72113289760349
2025-02-04 15:25:00,248.67929292929293,5.481354838709677,62.0,15,25,1,0,45.36821648055037
2025-02-04 15:30:00,354.0,4.42,43.0,15,30,1,0,80.09049773755656
2025-02-04 15:35:00,22.0,5.79,34.0,15,35,1,0,3.7996545768566494
2025-02-04 15:40:00,2.0,5.88,53.0,15,40,1,0,0.3401360544217687
2025-02-04 15:45:00,240.0,5.481354838709677,66.0,15,45,1,0,43.78479537670225
2025-02-04 15:50:00,455.0,7.95,44.0,15,50,1,0,57.23270440251572
2025-02-04 15:55:00,248.67929292929293,3.46,36.0,15,55,1,0,71.87262801424652
2025-02-04 16:00:00,67.0,5.481354838709677,39.0,16,0,1,1,12.223255375996045
2025-02-04 16:05:00,248.67929292929293,9.89,22.0,16,5,1,1,25.144519001950748
2025-02-04 16:10:00,342.0,6.32,44.98909090909091,16,10,1,1,54.11392405063291
2025-02-04 16:15:00,126.0,2.18,44.98909090909091,16,15,1,1,57.798165137614674
2025-02-04 16:20:00,137.0,5.11,35.0,16,20,1,1,26.810176125244617
2025-02-04 16:25:00,281.0,5.9,23.0,16,25,1,1,47.62711864406779
2025-02-04 16:30:00,303.0,5.481354838709677,44.0,16,30,1,1,55.278304163086595
2025-02-04 16:35:00,30.0,7.61,62.0,16,35,1,1,3.9421813403416555
2025-02-04 16:40:00,248.67929292929293,8.92,59.0,16,40,1,1,27.878844498799655
2025-02-04 16:45:00,383.0,3.86,39.0,16,45,1,1,99.22279792746114
2025-02-04 16:50:00,76.0,2.58,57.0,16,50,1,1,29.45736434108527
2025-02-04 16:55:00,13.0,6.42,33.0,16,55,1,1,2.0249221183800623
2025-02-04 17:00:00,154.0,7.53,22.0,17,0,1,1,20.45152722443559
2025-02-04 17:05:00,143.0,2.31,23.0,17,5,1,1,61.904761904761905
2025-02-04 17:10:00,85.0,2.53,61.0,17,10,1,1,33.59683794466403
2025-02-04 17:15:00,389.0,4.27,58.0,17,15,1,1,91.10070257611243
2025-02-04 17:20:00,95.0,5.481354838709677,28.0,17,20,1,1,17.331481503277974
2025-02-04 17:25:00,462.0,1.76,58.0,17,25,1,1,262.5
2025-02-04 17:30:00,100.0,6.35,57.0,17,30,1,1,15.748031496062993
2025-02-04 17:35:00,463.0,1.86,40.0,17,35,1,1,248.92473118279568
2025-02-04 17:40:00,179.0,8.51,57.0,17,40,1,1,21.034077555816687
2025-02-04 17:45:00,229.0,8.19,50.0,17,45,1,1,27.96092796092796
2025-02-04 17:50:00,248.67929292929293,5.481354838709677,47.0,17,50,1,1,45.36821648055037
2025-02-04 17:55:00,162.0,6.17,43.0,17,55,1,1,26.256077795786062
2025-02-04 18:00:00,55.0,2.37,58.0,18,0,1,1,23.20675105485232
2025-02-04 18:05:00,248.67929292929293,8.99,32.0,18,5,1,1,27.661767845305107
2025-02-04 18:10:00,33.0,7.21,61.0,18,10,1,1,4.5769764216366156
2025-02-04 18:15:00,248.67929292929293,9.74,53.0,18,15,1,1,25.531754920871965
2025-02-04 18:20:00,430.0,6.76,65.0,18,20,1,1,63.609467455621306
